Date,Time,Symbol,Price,Equity,Balance,Profit,Positions,Score,ExitScore,ExitFactors,ExitScoreDetails_Indicator,ExitScoreDetails_ADX,ExitScoreDetails_SR,ExitScoreDetails_FVG,ExitScoreDetails_HTF,ExitScoreDetails_Candle,ExitScoreDetails_Breakout,ExitScoreDetails_Phase,ExitScoreDetails_InstPhase,ExitScoreDetails_OrderBlock,ExitScoreDetails_Sweep,ExitScoreDetails_UHTF,ExitScoreDetails_MarketType,ExitScoreDetails_Bias,ExitScoreDetails_Fibonacci,ExitScoreDetails_VWAP,ExitScoreDetails_AVWAP,ExitScoreDetails_Pullback,ExitScoreDetails_Swing,ExitScoreDetails_EMA,ExitScoreDetails_FinalScore,ExitScoreDetails_Threshold,ExitScoreDetails_StrategyType,ExitScoreDetails_ActiveStrategies,ExitScoreDetails_MainReason,EntryScore_Indicator,EntryScore_ADX,EntryScore_SR,EntryScore_FVG,EntryScore_HTF,EntryScore_Candle,EntryScore_Breakout,EntryScore_Phase,EntryScore_InstPhase,EntryScore_OrderBlock,EntryScore_Sweep,EntryScore_UHTF,EntryScore_MarketType,EntryScore_Bias,EntryScore_Fibonacci,EntryScore_VWAP,EntryScore_AVWAP,EntryScore_Pullback,EntryScore_Swing,EntryScore_EMA,EntryScore_FinalScore,EntryScore_Threshold,EntryScore_StrategyType,EntryScore_ActiveStrategies,EntryScore_MainReason,Factors_srScore,Factors_maScore,Factors_rsiScore,Factors_macdScore,Factors_stochScore,Factors_bbScore,Factors_atrScore,Factors_sarScore,Factors_ichimokuScore,Factors_adxScore,Factors_volumeScore,Factors_mfiScore,Factors_priceMAScore,Factors_emaScore,Factors_emaCrossScore,Factors_cciScore,Factors_breakoutScore,Factors_phaseScore,Factors_institutionalPhaseScore,Factors_orderBlockScore,Factors_sweepScore,Factors_htfScore,Factors_uhtfScore,Factors_fvgScore,Factors_pullbackScore,Factors_supportStrength,Factors_resistanceStrength,Factors_candleScore,Factors_candlePattern,Factors_candleContext,Factors_majorFactors,Factors_nearestLevels,Factors_confidence,Factors_fvgContext,Pullback_PullbackValid,Pullback_SwingHigh,Pullback_SwingLow,Pullback_InGoldenZone,Pullback_Strength
08/11/2022,16:32:30,SYM,16.19,1000.0,1000.0,0.0,0,-1.85,32.7,srScore=0.00|maScore=0.00|rsiScore=0.00|macdScore=0.00|stochScore=0.00|bbScore=0.00|atrScore=0.00|sarScore=0.00|ichimokuScore=0.00|adxScore=0.00|volumeScore=0.00|mfiScore=0.00|priceMAScore=0.00|emaScore=0.00|emaCrossScore=24.52|cciScore=0.00|breakoutScore=0.00|phaseScore=0.00|institutionalPhaseScore=0.00|orderBlockScore=0.00|sweepScore=0.00|htfScore=0.00|uhtfScore=0.00|fvgScore=0.00|pullbackScore=0.00|supportStrength=0.00|resistanceStrength=0.00|candleScore=0.00|candlePattern=|candleContext=|majorFactors=|nearestLevels=|confidence=0.00|fvgContext=,32.7,0.0,0.0,0.0,0.0,0.0,0.0,0.0,0.0,0.0,0.0,0.0,0.0,0.0,0.0,0.0,0.0,0.0,0.0,0.0,32.7,11.34,BALANCED_EXIT_STRATEGY,4.0,,0.0,0.0,0.0,0.0,0.0,0.0,0.0,0.0,0.0,0.0,0.0,0.0,0.0,0.0,0.0,0.0,0.0,0.0,0.0,-22.2,-1.85,27.0,BALANCED_STRATEGY,3.0,,0.0,0.0,0.0,0.0,0.0,0.0,0.0,0.0,0.0,0.0,0.0,0.0,0.0,0.0,0.0,0.0,0.0,0.0,0.0,0.0,0.0,0.0,0.0,0.0,0.0,0.0,0.0,0.0,,,,,0.0,N/A,false,0.0,0.0,false,0.0
08/11/2022,16:33:34,SYM,16.17,1000.0,1000.0,0.0,0,-1.55,39.2,srScore=0.00|maScore=0.00|rsiScore=0.00|macdScore=0.00|stochScore=0.00|bbScore=0.00|atrScore=0.00|sarScore=0.00|ichimokuScore=0.00|adxScore=0.00|volumeScore=0.00|mfiScore=0.00|priceMAScore=0.00|emaScore=0.00|emaCrossScore=24.33|cciScore=0.00|breakoutScore=0.00|phaseScore=0.00|institutionalPhaseScore=0.00|orderBlockScore=0.00|sweepScore=0.00|htfScore=0.00|uhtfScore=0.00|fvgScore=0.00|pullbackScore=0.00|supportStrength=0.00|resistanceStrength=0.00|candleScore=0.00|candlePattern=|candleContext=|majorFactors=|nearestLevels=|confidence=0.00|fvgContext=,32.43,0.0,0.0,0.0,0.0,0.0,0.0,0.0,0.0,0.0,0.0,0.0,0.0,0.0,0.0,0.0,0.0,0.0,0.0,0.0,39.2,11.34,BALANCED_EXIT_STRATEGY,4.0,,0.0,0.0,0.0,0.0,0.0,0.0,0.0,0.0,0.0,0.0,0.0,0.0,0.0,0.0,0.0,0.0,0.0,0.0,0.0,-18.56,-1.55,27.0,BALANCED_STRATEGY,3.0,,0.0,0.0,0.0,0.0,0.0,0.0,0.0,0.0,0.0,0.0,0.0,0.0,0.0,0.0,0.0,0.0,0.0,0.0,0.0,0.0,0.0,0.0,0.0,0.0,0.0,0.0,0.0,0.0,,,,,0.0,N/A,false,0.0,0.0,false,0.0
08/11/2022,16:34:34,SYM,16.2,1000.0,1000.0,0.0,0,-2.0,45.79,srScore=0.00|maScore=0.00|rsiScore=23.09|macdScore=0.00|stochScore=0.00|bbScore=0.00|atrScore=0.00|sarScore=0.00|ichimokuScore=0.00|adxScore=0.00|volumeScore=0.00|mfiScore=0.00|priceMAScore=0.00|emaScore=0.00|emaCrossScore=24.62|cciScore=0.00|breakoutScore=0.00|phaseScore=0.00|institutionalPhaseScore=0.00|orderBlockScore=0.00|sweepScore=0.00|htfScore=0.00|uhtfScore=0.00|fvgScore=0.00|pullbackScore=0.00|supportStrength=0.00|resistanceStrength=0.00|candleScore=0.00|candlePattern=|candleContext=|majorFactors=|nearestLevels=|confidence=0.00|fvgContext=,43.6,0.0,0.0,0.0,0.0,0.0,0.0,0.0,0.0,0.0,0.0,0.0,0.0,0.0,0.0,0.0,0.0,0.0,0.0,0.0,45.79,11.34,BALANCED_EXIT_STRATEGY,4.0,,0.0,0.0,0.0,0.0,0.0,0.0,0.0,0.0,0.0,0.0,0.0,0.0,0.0,0.0,0.0,0.0,0.0,0.0,0.0,-24.02,-2.0,27.0,BALANCED_STRATEGY,3.0,,0.0,0.0,0.0,0.0,0.0,0.0,0.0,0.0,0.0,0.0,0.0,0.0,0.0,0.0,0.0,0.0,0.0,0.0,0.0,0.0,0.0,0.0,0.0,0.0,0.0,0.0,0.0,0.0,,,,,0.0,N/A,false,0.0,0.0,false,0.0
08/11/2022,16:35:59,SYM,16.23,1000.0,1000.0,0.0,0,12.41,44.99,srScore=0.00|maScore=0.00|rsiScore=30.59|macdScore=0.00|stochScore=0.00|bbScore=0.00|atrScore=0.00|sarScore=0.00|ichimokuScore=0.00|adxScore=0.00|volumeScore=0.00|mfiScore=0.00|priceMAScore=0.00|emaScore=0.00|emaCrossScore=24.91|cciScore=0.00|breakoutScore=0.00|phaseScore=0.00|institutionalPhaseScore=0.00|orderBlockScore=0.00|sweepScore=0.00|htfScore=0.00|uhtfScore=0.00|fvgScore=0.00|pullbackScore=0.00|supportStrength=0.00|resistanceStrength=0.00|candleScore=0.00|candlePattern=|candleContext=|majorFactors=|nearestLevels=|confidence=0.00|fvgContext=,47.5,0.0,0.0,0.0,0.0,0.0,0.0,0.0,0.0,0.0,0.0,0.0,0.0,0.0,0.0,0.0,0.0,0.0,0.0,0.0,44.99,11.34,BALANCED_EXIT_STRATEGY,4.0,,0.0,0.0,59.46,0.0,0.0,0.0,0.0,0.0,0.0,0.0,0.0,0.0,0.0,0.0,0.0,0.0,0.0,0.0,0.0,-29.48,12.41,27.0,BALANCED_STRATEGY,3.0,,0.0,0.0,0.0,0.0,0.0,0.0,0.0,0.0,0.0,0.0,0.0,0.0,0.0,0.0,0.0,0.0,0.0,0.0,0.0,0.0,0.0,0.0,0.0,0.0,0.0,0.0,0.0,0.0,,,,,0.0,N/A,false,0.0,0.0,false,0.0
08/11/2022,16:36:59,SYM,16.19,1000.0,1000.0,0.0,0,-1.85,44.99,srScore=0.00|maScore=0.00|rsiScore=0.00|macdScore=0.00|stochScore=0.00|bbScore=0.00|atrScore=0.00|sarScore=0.00|ichimokuScore=0.00|adxScore=0.00|volumeScore=0.00|mfiScore=0.00|priceMAScore=0.00|emaScore=0.00|emaCrossScore=24.52|cciScore=0.00|breakoutScore=0.00|phaseScore=0.00|institutionalPhaseScore=0.00|orderBlockScore=0.00|sweepScore=0.00|htfScore=0.00|uhtfScore=0.00|fvgScore=0.00|pullbackScore=0.00|supportStrength=0.00|resistanceStrength=0.00|candleScore=0.00|candlePattern=|candleContext=|majorFactors=|nearestLevels=|confidence=0.00|fvgContext=,32.7,0.0,0.0,0.0,0.0,0.0,0.0,0.0,0.0,0.0,0.0,0.0,0.0,0.0,0.0,0.0,0.0,0.0,0.0,0.0,44.99,11.34,BALANCED_EXIT_STRATEGY,4.0,,0.0,0.0,0.0,0.0,0.0,0.0,0.0,0.0,0.0,0.0,0.0,0.0,0.0,0.0,0.0,0.0,0.0,0.0,0.0,-22.2,-1.85,27.0,BALANCED_STRATEGY,3.0,,0.0,0.0,0.0,0.0,0.0,0.0,0.0,0.0,0.0,0.0,0.0,0.0,0.0,0.0,0.0,0.0,0.0,0.0,0.0,0.0,0.0,0.0,0.0,0.0,0.0,0.0,0.0,0.0,,,,,0.0,N/A,false,0.0,0.0,false,0.0
08/11/2022,16:38:30,SYM,16.07,1000.0,1000.0,0.0,0,1.9,44.99,srScore=0.00|maScore=0.00|rsiScore=0.00|macdScore=0.00|stochScore=0.00|bbScore=0.00|atrScore=0.00|sarScore=0.00|ichimokuScore=0.00|adxScore=0.00|volumeScore=0.00|mfiScore=0.00|priceMAScore=0.00|emaScore=0.00|emaCrossScore=28.00|cciScore=0.00|breakoutScore=0.00|phaseScore=0.00|institutionalPhaseScore=0.00|orderBlockScore=0.00|sweepScore=0.00|htfScore=0.00|uhtfScore=0.00|fvgScore=0.00|pullbackScore=0.00|supportStrength=0.00|resistanceStrength=0.00|candleScore=0.00|candlePattern=|candleContext=|majorFactors=|nearestLevels=|confidence=0.00|fvgContext=,37.34,0.0,0.0,0.0,0.0,0.0,0.0,0.0,0.0,0.0,0.0,0.0,0.0,0.0,0.0,0.0,0.0,0.0,0.0,0.0,44.99,11.34,BALANCED_EXIT_STRATEGY,4.0,,0.0,0.0,0.0,0.0,0.0,0.0,0.0,0.0,0.0,0.0,0.0,0.0,0.0,0.0,0.0,0.0,0.0,0.0,0.0,22.79,1.9,27.0,BALANCED_STRATEGY,3.0,,0.0,0.0,0.0,0.0,0.0,0.0,0.0,0.0,0.0,0.0,0.0,0.0,0.0,0.0,0.0,0.0,0.0,0.0,0.0,0.0,0.0,0.0,0.0,0.0,0.0,0.0,0.0,0.0,,,,,0.0,N/A,false,0.0,0.0,false,0.0
08/11/2022,16:39:30,SYM,16.07,1000.0,1000.0,0.0,0,1.9,44.99,srScore=0.00|maScore=0.00|rsiScore=0.00|macdScore=0.00|stochScore=0.00|bbScore=0.00|atrScore=0.00|sarScore=0.00|ichimokuScore=0.00|adxScore=0.00|volumeScore=0.00|mfiScore=0.00|priceMAScore=0.00|emaScore=0.00|emaCrossScore=28.00|cciScore=0.00|breakoutScore=0.00|phaseScore=0.00|institutionalPhaseScore=0.00|orderBlockScore=0.00|sweepScore=0.00|htfScore=0.00|uhtfScore=0.00|fvgScore=0.00|pullbackScore=0.00|supportStrength=0.00|resistanceStrength=0.00|candleScore=0.00|candlePattern=|candleContext=|majorFactors=|nearestLevels=|confidence=0.00|fvgContext=,37.34,0.0,0.0,0.0,0.0,0.0,0.0,0.0,0.0,0.0,0.0,0.0,0.0,0.0,0.0,0.0,0.0,0.0,0.0,0.0,44.99,11.34,BALANCED_EXIT_STRATEGY,4.0,,0.0,0.0,0.0,0.0,0.0,0.0,0.0,0.0,0.0,0.0,0.0,0.0,0.0,0.0,0.0,0.0,0.0,0.0,0.0,22.79,1.9,27.0,BALANCED_STRATEGY,3.0,,0.0,0.0,0.0,0.0,0.0,0.0,0.0,0.0,0.0,0.0,0.0,0.0,0.0,0.0,0.0,0.0,0.0,0.0,0.0,0.0,0.0,0.0,0.0,0.0,0.0,0.0,0.0,0.0,,,,,0.0,N/A,false,0.0,0.0,false,0.0
08/11/2022,16:41:30,SYM,16.11,1000.0,1000.0,0.0,0,-0.67,36.77,srScore=0.00|maScore=0.00|rsiScore=0.00|macdScore=0.00|stochScore=0.00|bbScore=0.00|atrScore=0.00|sarScore=0.00|ichimokuScore=0.00|adxScore=0.00|volumeScore=0.00|mfiScore=0.00|priceMAScore=0.00|emaScore=0.00|emaCrossScore=22.93|cciScore=0.00|breakoutScore=0.00|phaseScore=0.00|institutionalPhaseScore=0.00|orderBlockScore=0.00|sweepScore=0.00|htfScore=0.00|uhtfScore=0.00|fvgScore=0.00|pullbackScore=0.00|supportStrength=0.00|resistanceStrength=0.00|candleScore=0.00|candlePattern=|candleContext=|majorFactors=|nearestLevels=|confidence=0.00|fvgContext=,30.58,0.0,0.0,0.0,0.0,0.0,0.0,0.0,0.0,0.0,0.0,0.0,0.0,0.0,0.0,0.0,0.0,0.0,0.0,0.0,36.77,11.34,BALANCED_EXIT_STRATEGY,4.0,,0.0,0.0,0.0,0.0,0.0,0.0,0.0,0.0,0.0,0.0,0.0,0.0,0.0,0.0,0.0,0.0,0.0,0.0,0.0,-8.07,-0.67,27.0,BALANCED_STRATEGY,3.0,,0.0,0.0,0.0,0.0,0.0,0.0,0.0,0.0,0.0,0.0,0.0,0.0,0.0,0.0,0.0,0.0,0.0,0.0,0.0,0.0,0.0,0.0,0.0,0.0,0.0,0.0,0.0,0.0,,,,,0.0,N/A,false,0.0,0.0,false,0.0
08/11/2022,16:45:30,SYM,16.1,1000.0,1000.0,0.0,0,-0.52,36.77,srScore=0.00|maScore=0.00|rsiScore=0.00|macdScore=0.00|stochScore=0.00|bbScore=0.00|atrScore=0.00|sarScore=0.00|ichimokuScore=0.00|adxScore=0.00|volumeScore=0.00|mfiScore=0.00|priceMAScore=0.00|emaScore=0.00|emaCrossScore=22.83|cciScore=0.00|breakoutScore=0.00|phaseScore=0.00|institutionalPhaseScore=0.00|orderBlockScore=0.00|sweepScore=0.00|htfScore=0.00|uhtfScore=0.00|fvgScore=0.00|pullbackScore=0.00|supportStrength=0.00|resistanceStrength=0.00|candleScore=0.00|candlePattern=|candleContext=|majorFactors=|nearestLevels=|confidence=0.00|fvgContext=,30.45,0.0,0.0,0.0,0.0,0.0,0.0,0.0,0.0,0.0,0.0,0.0,0.0,0.0,0.0,0.0,0.0,0.0,0.0,0.0,36.77,11.34,BALANCED_EXIT_STRATEGY,4.0,,0.0,0.0,0.0,0.0,0.0,0.0,0.0,0.0,0.0,0.0,0.0,0.0,0.0,0.0,0.0,0.0,0.0,0.0,0.0,-6.25,-0.52,27.0,BALANCED_STRATEGY,3.0,,0.0,0.0,0.0,0.0,0.0,0.0,0.0,0.0,0.0,0.0,0.0,0.0,0.0,0.0,0.0,0.0,0.0,0.0,0.0,0.0,0.0,0.0,0.0,0.0,0.0,0.0,0.0,0.0,,,,,0.0,N/A,false,0.0,0.0,false,0.0
08/11/2022,16:46:59,SYM,16.06,1000.0,1000.0,0.0,0,1.89,36.77,srScore=0.00|maScore=0.00|rsiScore=0.00|macdScore=0.00|stochScore=0.00|bbScore=0.00|atrScore=0.00|sarScore=0.00|ichimokuScore=0.00|adxScore=0.00|volumeScore=0.00|mfiScore=0.00|priceMAScore=0.00|emaScore=0.00|emaCrossScore=26.92|cciScore=0.00|breakoutScore=0.00|phaseScore=0.00|institutionalPhaseScore=0.00|orderBlockScore=0.00|sweepScore=0.00|htfScore=0.00|uhtfScore=0.00|fvgScore=0.00|pullbackScore=0.00|supportStrength=0.00|resistanceStrength=0.00|candleScore=0.00|candlePattern=|candleContext=|majorFactors=|nearestLevels=|confidence=0.00|fvgContext=,35.89,0.0,0.0,0.0,0.0,0.0,0.0,0.0,0.0,0.0,0.0,0.0,0.0,0.0,0.0,0.0,0.0,0.0,0.0,0.0,36.77,11.34,BALANCED_EXIT_STRATEGY,4.0,,0.0,0.0,0.0,0.0,0.0,0.0,0.0,0.0,0.0,0.0,0.0,0.0,0.0,0.0,0.0,0.0,0.0,0.0,0.0,22.72,1.89,27.0,BALANCED_STRATEGY,3.0,,0.0,0.0,0.0,0.0,0.0,0.0,0.0,0.0,0.0,0.0,0.0,0.0,0.0,0.0,0.0,0.0,0.0,0.0,0.0,0.0,0.0,0.0,0.0,0.0,0.0,0.0,0.0,0.0,,,,,0.0,N/A,false,0.0,0.0,false,0.0
08/11/2022,16:47:59,SYM,16.07,1000.0,1000.0,0.0,0,1.7,36.77,srScore=0.00|maScore=0.00|rsiScore=0.00|macdScore=0.00|stochScore=0.00|bbScore=0.00|atrScore=0.00|sarScore=0.00|ichimokuScore=0.00|adxScore=0.00|volumeScore=0.00|mfiScore=0.00|priceMAScore=0.00|emaScore=0.00|emaCrossScore=27.04|cciScore=0.00|breakoutScore=0.00|phaseScore=0.00|institutionalPhaseScore=0.00|orderBlockScore=0.00|sweepScore=0.00|htfScore=0.00|uhtfScore=0.00|fvgScore=0.00|pullbackScore=0.00|supportStrength=0.00|resistanceStrength=0.00|candleScore=0.00|candlePattern=|candleContext=|majorFactors=|nearestLevels=|confidence=0.00|fvgContext=,36.05,0.0,0.0,0.0,0.0,0.0,0.0,0.0,0.0,0.0,0.0,0.0,0.0,0.0,0.0,0.0,0.0,0.0,0.0,0.0,36.77,11.34,BALANCED_EXIT_STRATEGY,4.0,,0.0,0.0,0.0,0.0,0.0,0.0,0.0,0.0,0.0,0.0,0.0,0.0,0.0,0.0,0.0,0.0,0.0,0.0,0.0,20.44,1.7,27.0,BALANCED_STRATEGY,3.0,,0.0,0.0,0.0,0.0,0.0,0.0,0.0,0.0,0.0,0.0,0.0,0.0,0.0,0.0,0.0,0.0,0.0,0.0,0.0,0.0,0.0,0.0,0.0,0.0,0.0,0.0,0.0,0.0,,,,,0.0,N/A,false,0.0,0.0,false,0.0
08/11/2022,16:50:01,SYM,16.09,1000.0,1000.0,0.0,0,15.88,36.77,srScore=0.00|maScore=0.00|rsiScore=0.00|macdScore=0.00|stochScore=0.00|bbScore=0.00|atrScore=0.00|sarScore=0.00|ichimokuScore=0.00|adxScore=0.00|volumeScore=0.00|mfiScore=0.00|priceMAScore=0.00|emaScore=0.00|emaCrossScore=22.11|cciScore=0.00|breakoutScore=0.00|phaseScore=0.00|institutionalPhaseScore=0.00|orderBlockScore=0.00|sweepScore=0.00|htfScore=0.00|uhtfScore=0.00|fvgScore=0.00|pullbackScore=0.00|supportStrength=0.00|resistanceStrength=0.00|candleScore=0.00|candlePattern=|candleContext=|majorFactors=|nearestLevels=|confidence=0.00|fvgContext=,29.48,0.0,0.0,0.0,0.0,0.0,0.0,0.0,0.0,0.0,0.0,0.0,0.0,0.0,0.0,0.0,0.0,0.0,0.0,0.0,36.77,11.34,BALANCED_EXIT_STRATEGY,4.0,,0.0,0.0,65.16,0.0,0.0,0.0,0.0,0.0,0.0,0.0,0.0,0.0,0.0,0.0,0.0,0.0,0.0,0.0,0.0,-4.86,15.88,27.0,BALANCED_STRATEGY,3.0,,0.0,0.0,0.0,0.0,0.0,0.0,0.0,0.0,0.0,0.0,0.0,0.0,0.0,0.0,0.0,0.0,0.0,0.0,0.0,0.0,0.0,0.0,0.0,0.0,0.0,0.0,0.0,0.0,,,,,0.0,N/A,false,0.0,0.0,false,0.0
08/11/2022,16:51:30,SYM,16.05,1000.0,1000.0,0.0,0,2.03,36.77,srScore=0.00|maScore=0.00|rsiScore=0.00|macdScore=0.00|stochScore=0.00|bbScore=0.00|atrScore=0.00|sarScore=0.00|ichimokuScore=0.00|adxScore=0.00|volumeScore=0.00|mfiScore=0.00|priceMAScore=0.00|emaScore=0.00|emaCrossScore=26.04|cciScore=0.00|breakoutScore=0.00|phaseScore=0.00|institutionalPhaseScore=0.00|orderBlockScore=0.00|sweepScore=0.00|htfScore=0.00|uhtfScore=0.00|fvgScore=0.00|pullbackScore=0.00|supportStrength=0.00|resistanceStrength=0.00|candleScore=0.00|candlePattern=|candleContext=|majorFactors=|nearestLevels=|confidence=0.00|fvgContext=,34.73,0.0,0.0,0.0,0.0,0.0,0.0,0.0,0.0,0.0,0.0,0.0,0.0,0.0,0.0,0.0,0.0,0.0,0.0,0.0,36.77,11.34,BALANCED_EXIT_STRATEGY,4.0,,0.0,0.0,0.0,0.0,0.0,0.0,0.0,0.0,0.0,0.0,0.0,0.0,0.0,0.0,0.0,0.0,0.0,0.0,0.0,24.36,2.03,27.0,BALANCED_STRATEGY,3.0,,0.0,0.0,0.0,0.0,0.0,0.0,0.0,0.0,0.0,0.0,0.0,0.0,0.0,0.0,0.0,0.0,0.0,0.0,0.0,0.0,0.0,0.0,0.0,0.0,0.0,0.0,0.0,0.0,,,,,0.0,N/A,false,0.0,0.0,false,0.0
08/11/2022,16:53:00,SYM,16.19,1000.0,1000.0,0.0,0,17.4,36.77,srScore=0.00|maScore=0.00|rsiScore=25.79|macdScore=0.00|stochScore=0.00|bbScore=0.00|atrScore=0.00|sarScore=0.00|ichimokuScore=0.00|adxScore=0.00|volumeScore=0.00|mfiScore=0.00|priceMAScore=0.00|emaScore=0.00|emaCrossScore=23.10|cciScore=0.00|breakoutScore=0.00|phaseScore=0.00|institutionalPhaseScore=0.00|orderBlockScore=0.00|sweepScore=0.00|htfScore=0.00|uhtfScore=0.00|fvgScore=0.00|pullbackScore=0.00|supportStrength=0.00|resistanceStrength=0.00|candleScore=0.00|candlePattern=|candleContext=|majorFactors=|nearestLevels=|confidence=0.00|fvgContext=,42.84,0.0,0.0,0.0,0.0,0.0,0.0,0.0,0.0,0.0,0.0,0.0,0.0,0.0,0.0,0.0,0.0,0.0,0.0,0.0,36.77,11.34,BALANCED_EXIT_STRATEGY,4.0,,0.0,0.0,77.27,0.0,0.0,0.0,0.0,0.0,0.0,0.0,0.0,0.0,0.0,0.0,0.0,0.0,0.0,0.0,0.0,-23.08,17.4,27.0,BALANCED_STRATEGY,3.0,,0.0,0.0,0.0,0.0,0.0,0.0,0.0,0.0,0.0,0.0,0.0,0.0,0.0,0.0,0.0,0.0,0.0,0.0,0.0,0.0,0.0,0.0,0.0,0.0,0.0,0.0,0.0,0.0,,,,,0.0,N/A,false,0.0,0.0,false,0.0
08/11/2022,16:55:30,SYM,16.12,1000.0,1000.0,0.0,0,5.72,36.77,srScore=0.00|maScore=0.00|rsiScore=0.00|macdScore=0.00|stochScore=0.00|bbScore=0.00|atrScore=0.00|sarScore=0.00|ichimokuScore=0.00|adxScore=0.00|volumeScore=0.00|mfiScore=0.00|priceMAScore=0.00|emaScore=0.00|emaCrossScore=22.41|cciScore=0.00|breakoutScore=0.00|phaseScore=0.00|institutionalPhaseScore=0.00|orderBlockScore=0.00|sweepScore=0.00|htfScore=0.00|uhtfScore=0.00|fvgScore=0.00|pullbackScore=0.00|supportStrength=0.00|resistanceStrength=0.00|candleScore=0.00|candlePattern=|candleContext=|majorFactors=|nearestLevels=|confidence=0.00|fvgContext=,29.88,0.0,0.0,0.0,0.0,0.0,0.0,0.0,0.0,0.0,0.0,0.0,0.0,0.0,0.0,0.0,0.0,0.0,0.0,0.0,36.77,11.34,BALANCED_EXIT_STRATEGY,4.0,,0.0,0.0,26.33,0.0,0.0,0.0,0.0,0.0,0.0,0.0,0.0,0.0,0.0,0.0,0.0,0.0,0.0,0.0,0.0,-10.33,5.72,27.0,BALANCED_STRATEGY,3.0,,0.0,0.0,0.0,0.0,0.0,0.0,0.0,0.0,0.0,0.0,0.0,0.0,0.0,0.0,0.0,0.0,0.0,0.0,0.0,0.0,0.0,0.0,0.0,0.0,0.0,0.0,0.0,0.0,,,,,0.0,N/A,false,0.0,0.0,false,0.0
08/11/2022,17:05:30,SYM,16.18,1000.0,1000.0,0.0,0,2.57,36.77,srScore=0.00|maScore=0.00|rsiScore=28.81|macdScore=0.00|stochScore=0.00|bbScore=0.00|atrScore=0.00|sarScore=0.00|ichimokuScore=0.00|adxScore=0.00|volumeScore=0.00|mfiScore=0.00|priceMAScore=0.00|emaScore=0.00|emaCrossScore=22.87|cciScore=0.00|breakoutScore=0.00|phaseScore=0.00|institutionalPhaseScore=0.00|orderBlockScore=0.00|sweepScore=0.00|htfScore=0.00|uhtfScore=0.00|fvgScore=0.00|pullbackScore=0.00|supportStrength=0.00|resistanceStrength=0.00|candleScore=0.00|candlePattern=|candleContext=|majorFactors=|nearestLevels=|confidence=0.00|fvgContext=,43.95,0.0,0.0,0.0,0.0,0.0,0.0,0.0,0.0,0.0,0.0,0.0,0.0,0.0,0.0,0.0,0.0,0.0,0.0,0.0,36.77,11.34,BALANCED_EXIT_STRATEGY,4.0,,0.0,0.0,17.5,0.0,0.0,0.0,0.0,0.0,0.0,0.0,0.0,0.0,0.0,0.0,0.0,0.0,0.0,0.0,0.0,-21.6,2.57,27.0,BALANCED_STRATEGY,3.0,,0.0,0.0,0.0,0.0,0.0,0.0,0.0,0.0,0.0,0.0,0.0,0.0,0.0,0.0,0.0,0.0,0.0,0.0,0.0,0.0,0.0,0.0,0.0,0.0,0.0,0.0,0.0,0.0,,,,,0.0,N/A,false,0.0,0.0,false,0.0
08/11/2022,17:07:01,SYM,16.24,1000.0,1000.0,0.0,0,16.22,36.77,srScore=0.00|maScore=0.00|rsiScore=48.68|macdScore=0.00|stochScore=0.00|bbScore=0.00|atrScore=0.00|sarScore=0.00|ichimokuScore=0.00|adxScore=0.00|volumeScore=0.00|mfiScore=0.00|priceMAScore=0.00|emaScore=0.00|emaCrossScore=23.47|cciScore=0.00|breakoutScore=0.00|phaseScore=0.00|institutionalPhaseScore=0.00|orderBlockScore=0.00|sweepScore=0.00|htfScore=0.00|uhtfScore=0.00|fvgScore=0.00|pullbackScore=0.00|supportStrength=0.00|resistanceStrength=0.00|candleScore=0.00|candlePattern=|candleContext=|majorFactors=|nearestLevels=|confidence=0.00|fvgContext=,54.01,0.0,0.0,0.0,0.0,0.0,0.0,0.0,0.0,0.0,0.0,0.0,0.0,0.0,0.0,0.0,0.0,0.0,0.0,0.0,36.77,11.34,BALANCED_EXIT_STRATEGY,4.0,,0.0,0.0,77.33,0.0,0.0,0.0,0.0,0.0,0.0,0.0,0.0,0.0,0.0,0.0,0.0,0.0,0.0,0.0,0.0,-37.4,16.22,27.0,BALANCED_STRATEGY,3.0,,0.0,0.0,0.0,0.0,0.0,0.0,0.0,0.0,0.0,0.0,0.0,0.0,0.0,0.0,0.0,0.0,0.0,0.0,0.0,0.0,0.0,0.0,0.0,0.0,0.0,0.0,0.0,0.0,,,,,0.0,N/A,false,0.0,0.0,false,0.0
08/11/2022,17:08:30,SYM,16.2,1000.0,1000.0,0.0,0,22.9,43.2,srScore=0.00|maScore=0.00|rsiScore=36.08|macdScore=0.00|stochScore=0.00|bbScore=0.00|atrScore=0.00|sarScore=0.00|ichimokuScore=0.00|adxScore=0.00|volumeScore=0.00|mfiScore=0.00|priceMAScore=0.00|emaScore=0.00|emaCrossScore=23.07|cciScore=0.00|breakoutScore=0.00|phaseScore=0.00|institutionalPhaseScore=0.00|orderBlockScore=0.00|sweepScore=0.00|htfScore=0.00|uhtfScore=0.00|fvgScore=0.00|pullbackScore=0.00|supportStrength=0.00|resistanceStrength=0.00|candleScore=0.00|candlePattern=|candleContext=|majorFactors=|nearestLevels=|confidence=0.00|fvgContext=,47.6,0.0,0.0,0.0,0.0,0.0,0.0,0.0,0.0,0.0,0.0,0.0,0.0,0.0,0.0,0.0,0.0,0.0,0.0,0.0,43.2,11.34,BALANCED_EXIT_STRATEGY,4.0,,0.0,0.0,100.0,0.0,0.0,0.0,0.0,0.0,0.0,0.0,0.0,0.0,0.0,0.0,0.0,0.0,0.0,0.0,0.0,-25.24,22.9,27.0,BALANCED_STRATEGY,3.0,,0.0,0.0,0.0,0.0,0.0,0.0,0.0,0.0,0.0,0.0,0.0,0.0,0.0,0.0,0.0,0.0,0.0,0.0,0.0,0.0,0.0,0.0,0.0,0.0,0.0,0.0,0.0,0.0,,,,,0.0,N/A,false,0.0,0.0,false,0.0
08/11/2022,17:09:30,SYM,16.21,1000.0,1000.0,0.0,0,22.33,43.2,srScore=0.00|maScore=0.00|rsiScore=39.46|macdScore=0.00|stochScore=0.00|bbScore=0.00|atrScore=0.00|sarScore=0.00|ichimokuScore=0.00|adxScore=0.00|volumeScore=0.00|mfiScore=0.00|priceMAScore=0.00|emaScore=0.00|emaCrossScore=23.17|cciScore=0.00|breakoutScore=0.00|phaseScore=0.00|institutionalPhaseScore=0.00|orderBlockScore=0.00|sweepScore=0.00|htfScore=0.00|uhtfScore=0.00|fvgScore=0.00|pullbackScore=0.00|supportStrength=0.00|resistanceStrength=0.00|candleScore=0.00|candlePattern=|candleContext=|majorFactors=|nearestLevels=|confidence=0.00|fvgContext=,49.31,0.0,0.0,0.0,0.0,0.0,0.0,0.0,0.0,0.0,0.0,0.0,0.0,0.0,0.0,0.0,0.0,0.0,0.0,0.0,43.2,11.34,BALANCED_EXIT_STRATEGY,4.0,,0.0,0.0,98.35,0.0,0.0,0.0,0.0,0.0,0.0,0.0,0.0,0.0,0.0,0.0,0.0,0.0,0.0,0.0,0.0,-27.06,22.33,27.0,BALANCED_STRATEGY,3.0,,0.0,0.0,0.0,0.0,0.0,0.0,0.0,0.0,0.0,0.0,0.0,0.0,0.0,0.0,0.0,0.0,0.0,0.0,0.0,0.0,0.0,0.0,0.0,0.0,0.0,0.0,0.0,0.0,,,,,0.0,N/A,false,0.0,0.0,false,0.0
08/11/2022,17:20:00,SYM,16.2,1000.0,1000.0,0.0,0,23.16,43.2,srScore=0.00|maScore=0.00|rsiScore=26.18|macdScore=0.00|stochScore=0.00|bbScore=0.00|atrScore=0.00|sarScore=0.00|ichimokuScore=0.00|adxScore=0.00|volumeScore=0.00|mfiScore=0.00|priceMAScore=0.00|emaScore=0.00|emaCrossScore=23.58|cciScore=0.00|breakoutScore=0.00|phaseScore=0.00|institutionalPhaseScore=0.00|orderBlockScore=0.00|sweepScore=0.00|htfScore=0.00|uhtfScore=0.00|fvgScore=0.00|pullbackScore=0.00|supportStrength=0.00|resistanceStrength=0.00|candleScore=0.00|candlePattern=|candleContext=|majorFactors=|nearestLevels=|confidence=0.00|fvgContext=,43.66,0.0,0.0,0.0,0.0,0.0,0.0,0.0,0.0,0.0,0.0,0.0,0.0,0.0,0.0,0.0,0.0,0.0,0.0,0.0,43.2,11.34,BALANCED_EXIT_STRATEGY,4.0,,0.0,0.0,100.0,0.0,0.0,0.0,0.0,0.0,0.0,0.0,0.0,0.0,0.0,0.0,0.0,0.0,0.0,0.0,0.0,-22.1,23.16,27.0,BALANCED_STRATEGY,3.0,,0.0,0.0,0.0,0.0,0.0,0.0,0.0,0.0,0.0,0.0,0.0,0.0,0.0,0.0,0.0,0.0,0.0,0.0,0.0,0.0,0.0,0.0,0.0,0.0,0.0,0.0,0.0,0.0,,,,,0.0,N/A,false,0.0,0.0,false,0.0
08/11/2022,17:24:01,SYM,16.24,1000.0,1000.0,0.0,0,16.14,43.2,srScore=0.00|maScore=0.00|rsiScore=45.22|macdScore=0.00|stochScore=0.00|bbScore=0.00|atrScore=0.00|sarScore=0.00|ichimokuScore=0.00|adxScore=0.00|volumeScore=0.00|mfiScore=0.00|priceMAScore=0.00|emaScore=0.00|emaCrossScore=23.98|cciScore=0.00|breakoutScore=0.00|phaseScore=0.00|institutionalPhaseScore=0.00|orderBlockScore=0.00|sweepScore=0.00|htfScore=0.00|uhtfScore=0.00|fvgScore=0.00|pullbackScore=0.00|supportStrength=0.00|resistanceStrength=0.00|candleScore=0.00|candlePattern=|candleContext=|majorFactors=|nearestLevels=|confidence=0.00|fvgContext=,53.07,0.0,0.0,0.0,0.0,0.0,0.0,0.0,0.0,0.0,0.0,0.0,0.0,0.0,0.0,0.0,0.0,0.0,0.0,0.0,43.2,11.34,BALANCED_EXIT_STRATEGY,4.0,,0.0,0.0,77.1,0.0,0.0,0.0,0.0,0.0,0.0,0.0,0.0,0.0,0.0,0.0,0.0,0.0,0.0,0.0,0.0,-37.61,16.14,27.0,BALANCED_STRATEGY,3.0,,0.0,0.0,0.0,0.0,0.0,0.0,0.0,0.0,0.0,0.0,0.0,0.0,0.0,0.0,0.0,0.0,0.0,0.0,0.0,0.0,0.0,0.0,0.0,0.0,0.0,0.0,0.0,0.0,,,,,0.0,N/A,false,0.0,0.0,false,0.0
08/11/2022,17:25:30,SYM,16.2,1000.0,1000.0,0.0,0,23.16,43.2,srScore=0.00|maScore=0.00|rsiScore=26.18|macdScore=0.00|stochScore=0.00|bbScore=0.00|atrScore=0.00|sarScore=0.00|ichimokuScore=0.00|adxScore=0.00|volumeScore=0.00|mfiScore=0.00|priceMAScore=0.00|emaScore=0.00|emaCrossScore=23.58|cciScore=0.00|breakoutScore=0.00|phaseScore=0.00|institutionalPhaseScore=0.00|orderBlockScore=0.00|sweepScore=0.00|htfScore=0.00|uhtfScore=0.00|fvgScore=0.00|pullbackScore=0.00|supportStrength=0.00|resistanceStrength=0.00|candleScore=0.00|candlePattern=|candleContext=|majorFactors=|nearestLevels=|confidence=0.00|fvgContext=,43.66,0.0,0.0,0.0,0.0,0.0,0.0,0.0,0.0,0.0,0.0,0.0,0.0,0.0,0.0,0.0,0.0,0.0,0.0,0.0,43.2,11.34,BALANCED_EXIT_STRATEGY,4.0,,0.0,0.0,100.0,0.0,0.0,0.0,0.0,0.0,0.0,0.0,0.0,0.0,0.0,0.0,0.0,0.0,0.0,0.0,0.0,-22.1,23.16,27.0,BALANCED_STRATEGY,3.0,,0.0,0.0,0.0,0.0,0.0,0.0,0.0,0.0,0.0,0.0,0.0,0.0,0.0,0.0,0.0,0.0,0.0,0.0,0.0,0.0,0.0,0.0,0.0,0.0,0.0,0.0,0.0,0.0,,,,,0.0,N/A,false,0.0,0.0,false,0.0
08/11/2022,17:35:01,SYM,16.25,1000.0,1000.0,0.0,0,14.19,43.2,srScore=0.00|maScore=0.00|rsiScore=44.89|macdScore=0.00|stochScore=0.00|bbScore=0.00|atrScore=0.00|sarScore=0.00|ichimokuScore=0.00|adxScore=0.00|volumeScore=0.00|mfiScore=0.00|priceMAScore=0.00|emaScore=0.00|emaCrossScore=24.31|cciScore=0.00|breakoutScore=0.00|phaseScore=0.00|institutionalPhaseScore=0.00|orderBlockScore=0.00|sweepScore=0.00|htfScore=0.00|uhtfScore=0.00|fvgScore=0.00|pullbackScore=0.00|supportStrength=0.00|resistanceStrength=0.00|candleScore=0.00|candlePattern=|candleContext=|majorFactors=|nearestLevels=|confidence=0.00|fvgContext=,53.35,0.0,0.0,0.0,0.0,0.0,0.0,0.0,0.0,0.0,0.0,0.0,0.0,0.0,0.0,0.0,0.0,0.0,0.0,0.0,43.2,11.34,BALANCED_EXIT_STRATEGY,4.0,,0.0,0.0,70.06,0.0,0.0,0.0,0.0,0.0,0.0,0.0,0.0,0.0,0.0,0.0,0.0,0.0,0.0,0.0,0.0,-39.93,14.19,27.0,BALANCED_STRATEGY,3.0,,0.0,0.0,0.0,0.0,0.0,0.0,0.0,0.0,0.0,0.0,0.0,0.0,0.0,0.0,0.0,0.0,0.0,0.0,0.0,0.0,0.0,0.0,0.0,0.0,0.0,0.0,0.0,0.0,,,,,0.0,N/A,false,0.0,0.0,false,0.0
08/11/2022,17:37:00,SYM,16.25,1000.0,1000.0,0.0,0,14.0,50.12,srScore=0.00|maScore=0.00|rsiScore=44.89|macdScore=0.00|stochScore=0.00|bbScore=0.00|atrScore=0.00|sarScore=0.00|ichimokuScore=0.00|adxScore=0.00|volumeScore=0.00|mfiScore=0.00|priceMAScore=0.00|emaScore=0.00|emaCrossScore=24.31|cciScore=0.00|breakoutScore=0.00|phaseScore=0.00|institutionalPhaseScore=0.00|orderBlockScore=0.00|sweepScore=0.00|htfScore=0.00|uhtfScore=0.00|fvgScore=0.00|pullbackScore=0.00|supportStrength=0.00|resistanceStrength=0.00|candleScore=0.00|candlePattern=|candleContext=|majorFactors=|nearestLevels=|confidence=0.00|fvgContext=,53.35,0.0,0.0,0.0,0.0,0.0,0.0,0.0,0.0,0.0,0.0,0.0,0.0,0.0,0.0,0.0,0.0,0.0,0.0,0.0,50.12,11.34,BALANCED_EXIT_STRATEGY,4.0,,0.0,0.0,69.33,0.0,0.0,0.0,0.0,0.0,0.0,0.0,0.0,0.0,0.0,0.0,0.0,0.0,0.0,0.0,0.0,-39.93,14.0,27.0,BALANCED_STRATEGY,3.0,,0.0,0.0,0.0,0.0,0.0,0.0,0.0,0.0,0.0,0.0,0.0,0.0,0.0,0.0,0.0,0.0,0.0,0.0,0.0,0.0,0.0,0.0,0.0,0.0,0.0,0.0,0.0,0.0,,,,,0.0,N/A,false,0.0,0.0,false,0.0
08/11/2022,17:38:00,SYM,16.25,1000.0,1000.0,0.0,0,13.67,50.12,srScore=0.00|maScore=0.00|rsiScore=44.89|macdScore=0.00|stochScore=0.00|bbScore=0.00|atrScore=0.00|sarScore=0.00|ichimokuScore=0.00|adxScore=0.00|volumeScore=0.00|mfiScore=0.00|priceMAScore=0.00|emaScore=0.00|emaCrossScore=24.31|cciScore=0.00|breakoutScore=0.00|phaseScore=0.00|institutionalPhaseScore=0.00|orderBlockScore=0.00|sweepScore=0.00|htfScore=0.00|uhtfScore=0.00|fvgScore=0.00|pullbackScore=0.00|supportStrength=0.00|resistanceStrength=0.00|candleScore=0.00|candlePattern=|candleContext=|majorFactors=|nearestLevels=|confidence=0.00|fvgContext=,53.35,0.0,0.0,0.0,0.0,0.0,0.0,0.0,0.0,0.0,0.0,0.0,0.0,0.0,0.0,0.0,0.0,0.0,0.0,0.0,50.12,11.34,BALANCED_EXIT_STRATEGY,4.0,,0.0,0.0,69.33,0.0,0.0,0.0,0.0,0.0,0.0,0.0,0.0,0.0,0.0,0.0,0.0,0.0,0.0,0.0,0.0,-43.92,13.67,27.0,BALANCED_STRATEGY,3.0,,0.0,0.0,0.0,0.0,0.0,0.0,0.0,0.0,0.0,0.0,0.0,0.0,0.0,0.0,0.0,0.0,0.0,0.0,0.0,0.0,0.0,0.0,0.0,0.0,0.0,0.0,0.0,0.0,,,,,0.0,N/A,false,0.0,0.0,false,0.0
08/11/2022,17:46:30,SYM,16.3,1000.0,1000.0,0.0,0,3.0,50.12,srScore=0.00|maScore=0.00|rsiScore=74.34|macdScore=0.00|stochScore=0.00|bbScore=0.00|atrScore=0.00|sarScore=0.00|ichimokuScore=0.00|adxScore=0.00|volumeScore=0.00|mfiScore=0.00|priceMAScore=0.00|emaScore=0.00|emaCrossScore=25.18|cciScore=0.00|breakoutScore=0.00|phaseScore=0.00|institutionalPhaseScore=0.00|orderBlockScore=0.00|sweepScore=0.00|htfScore=0.00|uhtfScore=0.00|fvgScore=0.00|pullbackScore=0.00|supportStrength=0.00|resistanceStrength=0.00|candleScore=0.00|candlePattern=|candleContext=|majorFactors=|nearestLevels=|confidence=0.00|fvgContext=,68.26,0.0,0.0,0.0,0.0,0.0,0.0,0.0,0.0,0.0,0.0,0.0,0.0,0.0,0.0,0.0,0.0,0.0,0.0,0.0,50.12,11.34,BALANCED_EXIT_STRATEGY,4.0,,0.0,0.0,28.84,0.0,0.0,0.0,0.0,0.0,0.0,0.0,0.0,0.0,0.0,0.0,0.0,0.0,0.0,0.0,0.0,-50.54,3.0,27.0,BALANCED_STRATEGY,3.0,,0.0,0.0,0.0,0.0,0.0,0.0,0.0,0.0,0.0,0.0,0.0,0.0,0.0,0.0,0.0,0.0,0.0,0.0,0.0,0.0,0.0,0.0,0.0,0.0,0.0,0.0,0.0,0.0,,,,,0.0,N/A,false,0.0,0.0,false,0.0
08/11/2022,17:50:01,SYM,16.3,1000.0,1000.0,0.0,0,2.84,57.79,srScore=0.00|maScore=0.00|rsiScore=67.58|macdScore=0.00|stochScore=0.00|bbScore=0.00|atrScore=0.00|sarScore=0.00|ichimokuScore=0.00|adxScore=0.00|volumeScore=0.00|mfiScore=0.00|priceMAScore=0.00|emaScore=0.00|emaCrossScore=25.80|cciScore=0.00|breakoutScore=0.00|phaseScore=0.00|institutionalPhaseScore=0.00|orderBlockScore=0.00|sweepScore=0.00|htfScore=0.00|uhtfScore=0.00|fvgScore=0.00|pullbackScore=0.00|supportStrength=0.00|resistanceStrength=0.00|candleScore=0.00|candlePattern=|candleContext=|majorFactors=|nearestLevels=|confidence=0.00|fvgContext=,65.94,0.0,0.0,0.0,0.0,0.0,0.0,0.0,0.0,0.0,0.0,0.0,0.0,0.0,0.0,0.0,0.0,0.0,0.0,0.0,57.79,8.81,BALANCED_EXIT_STRATEGY,4.0,,0.0,0.0,28.22,0.0,0.0,0.0,0.0,0.0,0.0,0.0,0.0,0.0,0.0,0.0,0.0,0.0,0.0,0.0,0.0,-50.55,2.84,20.98,BALANCED_STRATEGY,3.0,,0.0,0.0,0.0,0.0,0.0,0.0,0.0,0.0,0.0,0.0,0.0,0.0,0.0,0.0,0.0,0.0,0.0,0.0,0.0,0.0,0.0,0.0,0.0,0.0,0.0,0.0,0.0,0.0,,,,,0.0,N/A,false,0.0,0.0,false,0.0
08/11/2022,17:53:00,SYM,16.3,1000.0,1000.0,0.0,0,2.84,57.79,srScore=0.00|maScore=0.00|rsiScore=67.58|macdScore=0.00|stochScore=0.00|bbScore=0.00|atrScore=0.00|sarScore=0.00|ichimokuScore=0.00|adxScore=0.00|volumeScore=0.00|mfiScore=0.00|priceMAScore=0.00|emaScore=0.00|emaCrossScore=25.80|cciScore=0.00|breakoutScore=0.00|phaseScore=0.00|institutionalPhaseScore=0.00|orderBlockScore=0.00|sweepScore=0.00|htfScore=0.00|uhtfScore=0.00|fvgScore=0.00|pullbackScore=0.00|supportStrength=0.00|resistanceStrength=0.00|candleScore=0.00|candlePattern=|candleContext=|majorFactors=|nearestLevels=|confidence=0.00|fvgContext=,65.94,0.0,0.0,0.0,0.0,0.0,0.0,0.0,0.0,0.0,0.0,0.0,0.0,0.0,0.0,0.0,0.0,0.0,0.0,0.0,57.79,8.81,BALANCED_EXIT_STRATEGY,4.0,,0.0,0.0,28.21,0.0,0.0,0.0,0.0,0.0,0.0,0.0,0.0,0.0,0.0,0.0,0.0,0.0,0.0,0.0,0.0,-50.55,2.84,20.98,BALANCED_STRATEGY,3.0,,0.0,0.0,0.0,0.0,0.0,0.0,0.0,0.0,0.0,0.0,0.0,0.0,0.0,0.0,0.0,0.0,0.0,0.0,0.0,0.0,0.0,0.0,0.0,0.0,0.0,0.0,0.0,0.0,,,,,0.0,N/A,false,0.0,0.0,false,0.0
08/11/2022,17:54:30,SYM,16.32,1000.0,1000.0,0.0,0,29.06,66.81,srScore=0.00|maScore=0.00|rsiScore=70.93|macdScore=0.00|stochScore=0.00|bbScore=0.00|atrScore=0.00|sarScore=0.00|ichimokuScore=0.00|adxScore=0.00|volumeScore=0.00|mfiScore=0.00|priceMAScore=0.00|emaScore=0.00|emaCrossScore=25.99|cciScore=0.00|breakoutScore=0.00|phaseScore=0.00|institutionalPhaseScore=0.00|orderBlockScore=0.00|sweepScore=0.00|htfScore=0.00|uhtfScore=0.00|fvgScore=0.00|pullbackScore=0.00|supportStrength=0.00|resistanceStrength=0.00|candleScore=0.00|candlePattern=|candleContext=|majorFactors=|nearestLevels=|confidence=0.00|fvgContext=,67.76,0.0,0.0,0.0,0.0,0.0,0.0,0.0,0.0,0.0,0.0,0.0,0.0,0.0,0.0,0.0,0.0,0.0,0.0,0.0,66.81,9.4,BALANCED_EXIT_STRATEGY,4.0,,0.0,0.0,100.0,0.0,0.0,0.0,0.0,0.0,0.0,0.0,0.0,0.0,0.0,0.0,0.0,0.0,0.0,0.0,0.0,48.76,29.06,22.37,BALANCED_STRATEGY,3.0,,0.0,0.0,0.0,0.0,0.0,0.0,0.0,0.0,0.0,0.0,0.0,0.0,0.0,0.0,0.0,0.0,0.0,0.0,0.0,0.0,0.0,0.0,0.0,0.0,0.0,0.0,0.0,0.0,,,,,0.0,N/A,false,0.0,0.0,false,0.0
08/11/2022,17:57:30,SYM,16.29,1000.0,1000.0,0.0,0,3.62,66.81,srScore=0.00|maScore=0.00|rsiScore=47.69|macdScore=0.00|stochScore=0.00|bbScore=0.00|atrScore=0.00|sarScore=0.00|ichimokuScore=0.00|adxScore=0.00|volumeScore=0.00|mfiScore=0.00|priceMAScore=0.00|emaScore=0.00|emaCrossScore=25.70|cciScore=0.00|breakoutScore=0.00|phaseScore=0.00|institutionalPhaseScore=0.00|orderBlockScore=0.00|sweepScore=0.00|htfScore=0.00|uhtfScore=0.00|fvgScore=0.00|pullbackScore=0.00|supportStrength=0.00|resistanceStrength=0.00|candleScore=0.00|candlePattern=|candleContext=|majorFactors=|nearestLevels=|confidence=0.00|fvgContext=,56.53,0.0,0.0,0.0,0.0,0.0,0.0,0.0,0.0,0.0,0.0,0.0,0.0,0.0,0.0,0.0,0.0,0.0,0.0,0.0,66.81,9.51,BALANCED_EXIT_STRATEGY,4.0,,0.0,0.0,30.63,0.0,0.0,0.0,0.0,0.0,0.0,0.0,0.0,0.0,0.0,0.0,0.0,0.0,0.0,0.0,0.0,-48.46,3.62,22.65,BALANCED_STRATEGY,3.0,,0.0,0.0,0.0,0.0,0.0,0.0,0.0,0.0,0.0,0.0,0.0,0.0,0.0,0.0,0.0,0.0,0.0,0.0,0.0,0.0,0.0,0.0,0.0,0.0,0.0,0.0,0.0,0.0,,,,,0.0,N/A,false,0.0,0.0,false,0.0
08/11/2022,17:58:59,SYM,16.32,1000.0,1000.0,0.0,0,29.06,66.81,srScore=0.00|maScore=0.00|rsiScore=70.93|macdScore=0.00|stochScore=0.00|bbScore=0.00|atrScore=0.00|sarScore=0.00|ichimokuScore=0.00|adxScore=0.00|volumeScore=0.00|mfiScore=0.00|priceMAScore=0.00|emaScore=0.00|emaCrossScore=25.99|cciScore=0.00|breakoutScore=0.00|phaseScore=0.00|institutionalPhaseScore=0.00|orderBlockScore=0.00|sweepScore=0.00|htfScore=0.00|uhtfScore=0.00|fvgScore=0.00|pullbackScore=0.00|supportStrength=0.00|resistanceStrength=0.00|candleScore=0.00|candlePattern=|candleContext=|majorFactors=|nearestLevels=|confidence=0.00|fvgContext=,67.76,0.0,0.0,0.0,0.0,0.0,0.0,0.0,0.0,0.0,0.0,0.0,0.0,0.0,0.0,0.0,0.0,0.0,0.0,0.0,66.81,9.51,BALANCED_EXIT_STRATEGY,4.0,,0.0,0.0,100.0,0.0,0.0,0.0,0.0,0.0,0.0,0.0,0.0,0.0,0.0,0.0,0.0,0.0,0.0,0.0,0.0,48.76,29.06,22.65,BALANCED_STRATEGY,3.0,,0.0,0.0,0.0,0.0,0.0,0.0,0.0,0.0,0.0,0.0,0.0,0.0,0.0,0.0,0.0,0.0,0.0,0.0,0.0,0.0,0.0,0.0,0.0,0.0,0.0,0.0,0.0,0.0,,,,,0.0,N/A,false,0.0,0.0,false,0.0
08/11/2022,18:00:30,SYM,16.3,1000.0,1000.0,0.0,0,15.31,66.81,srScore=0.00|maScore=0.00|rsiScore=51.99|macdScore=0.00|stochScore=0.00|bbScore=0.00|atrScore=0.00|sarScore=0.00|ichimokuScore=0.00|adxScore=0.00|volumeScore=0.00|mfiScore=0.00|priceMAScore=0.00|emaScore=0.00|emaCrossScore=26.15|cciScore=0.00|breakoutScore=0.00|phaseScore=0.00|institutionalPhaseScore=0.00|orderBlockScore=0.00|sweepScore=0.00|htfScore=0.00|uhtfScore=0.00|fvgScore=0.00|pullbackScore=0.00|supportStrength=0.00|resistanceStrength=0.00|candleScore=0.00|candlePattern=|candleContext=|majorFactors=|nearestLevels=|confidence=0.00|fvgContext=,59.12,0.0,0.0,0.0,0.0,0.0,0.0,0.0,0.0,0.0,0.0,0.0,0.0,0.0,0.0,0.0,0.0,0.0,0.0,0.0,66.81,7.56,BALANCED_EXIT_STRATEGY,4.0,,0.0,0.0,28.09,0.0,0.0,0.0,0.0,0.0,0.0,0.0,0.0,0.0,0.0,0.0,0.0,0.0,0.0,50.0,0.0,-50.56,15.31,18.0,BALANCED_STRATEGY,3.0,,0.0,0.0,0.0,0.0,0.0,0.0,0.0,0.0,0.0,0.0,0.0,0.0,0.0,0.0,0.0,0.0,0.0,0.0,0.0,0.0,0.0,0.0,0.0,0.0,0.0,0.0,0.0,0.0,,,,,0.0,BULL_FVG:93.3,true,16.45,15.75,false,50.0
08/11/2022,18:04:30,SYM,16.32,1000.0,1000.0,0.0,0,41.56,66.81,srScore=0.00|maScore=0.00|rsiScore=71.32|macdScore=0.00|stochScore=0.00|bbScore=0.00|atrScore=0.00|sarScore=0.00|ichimokuScore=0.00|adxScore=0.00|volumeScore=0.00|mfiScore=0.00|priceMAScore=0.00|emaScore=0.00|emaCrossScore=26.34|cciScore=0.00|breakoutScore=0.00|phaseScore=0.00|institutionalPhaseScore=0.00|orderBlockScore=0.00|sweepScore=0.00|htfScore=0.00|uhtfScore=0.00|fvgScore=0.00|pullbackScore=0.00|supportStrength=0.00|resistanceStrength=0.00|candleScore=0.00|candlePattern=|candleContext=|majorFactors=|nearestLevels=|confidence=0.00|fvgContext=,68.41,0.0,0.0,0.0,0.0,0.0,0.0,0.0,0.0,0.0,0.0,0.0,0.0,0.0,0.0,0.0,0.0,0.0,0.0,0.0,66.81,7.56,BALANCED_EXIT_STRATEGY,4.0,,0.0,0.0,100.0,0.0,0.0,0.0,0.0,0.0,0.0,0.0,0.0,0.0,0.0,0.0,0.0,0.0,0.0,50.0,0.0,48.75,41.56,18.0,BALANCED_STRATEGY,3.0,,0.0,0.0,0.0,0.0,0.0,0.0,0.0,0.0,0.0,0.0,0.0,0.0,0.0,0.0,0.0,0.0,0.0,0.0,0.0,0.0,0.0,0.0,0.0,0.0,0.0,0.0,0.0,0.0,,,,,0.0,BULL_FVG:93.3,true,16.45,15.75,false,50.0
08/11/2022,18:09:00,SYM,16.32,1000.0,1000.0,0.0,0,41.56,66.81,srScore=0.00|maScore=0.00|rsiScore=71.32|macdScore=0.00|stochScore=0.00|bbScore=0.00|atrScore=0.00|sarScore=0.00|ichimokuScore=0.00|adxScore=0.00|volumeScore=0.00|mfiScore=0.00|priceMAScore=0.00|emaScore=0.00|emaCrossScore=26.34|cciScore=0.00|breakoutScore=0.00|phaseScore=0.00|institutionalPhaseScore=0.00|orderBlockScore=0.00|sweepScore=0.00|htfScore=0.00|uhtfScore=0.00|fvgScore=0.00|pullbackScore=0.00|supportStrength=0.00|resistanceStrength=0.00|candleScore=0.00|candlePattern=|candleContext=|majorFactors=|nearestLevels=|confidence=0.00|fvgContext=,68.41,0.0,0.0,0.0,0.0,0.0,0.0,0.0,0.0,0.0,0.0,0.0,0.0,0.0,0.0,0.0,0.0,0.0,0.0,0.0,66.81,7.56,BALANCED_EXIT_STRATEGY,4.0,,0.0,0.0,100.0,0.0,0.0,0.0,0.0,0.0,0.0,0.0,0.0,0.0,0.0,0.0,0.0,0.0,0.0,50.0,0.0,48.75,41.56,18.0,BALANCED_STRATEGY,3.0,,0.0,0.0,0.0,0.0,0.0,0.0,0.0,0.0,0.0,0.0,0.0,0.0,0.0,0.0,0.0,0.0,0.0,0.0,0.0,0.0,0.0,0.0,0.0,0.0,0.0,0.0,0.0,0.0,,,,,0.0,BULL_FVG:93.3,true,16.45,15.75,false,50.0
08/11/2022,18:13:30,SYM,16.32,1000.0,1000.0,0.0,0,17.56,66.81,srScore=0.00|maScore=0.00|rsiScore=46.31|macdScore=0.00|stochScore=0.00|bbScore=0.00|atrScore=0.00|sarScore=0.00|ichimokuScore=0.00|adxScore=0.00|volumeScore=0.00|mfiScore=0.00|priceMAScore=0.00|emaScore=0.00|emaCrossScore=26.84|cciScore=0.00|breakoutScore=0.00|phaseScore=0.00|institutionalPhaseScore=0.00|orderBlockScore=0.00|sweepScore=0.00|htfScore=0.00|uhtfScore=0.00|fvgScore=0.00|pullbackScore=0.00|supportStrength=0.00|resistanceStrength=0.00|candleScore=0.00|candlePattern=|candleContext=|majorFactors=|nearestLevels=|confidence=0.00|fvgContext=,57.39,0.0,0.0,0.0,0.0,0.0,0.0,0.0,0.0,0.0,0.0,0.0,0.0,0.0,0.0,0.0,0.0,0.0,0.0,0.0,66.81,7.56,BALANCED_EXIT_STRATEGY,4.0,,0.0,0.0,0.0,0.0,0.0,0.0,0.0,0.0,0.0,0.0,0.0,0.0,0.0,0.0,0.0,0.0,7.59,50.0,0.0,37.99,17.56,18.0,BALANCED_STRATEGY,3.0,,0.0,0.0,0.0,0.0,0.0,0.0,0.0,0.0,0.0,0.0,0.0,0.0,0.0,0.0,0.0,0.0,0.0,0.0,0.0,0.0,0.0,0.0,0.0,0.0,0.0,0.0,0.0,0.0,,,,,0.0,BULL_FVG:93.3,true,16.45,15.75,false,50.0
08/11/2022,18:15:30,SYM,16.27,1000.0,1000.0,0.0,0,17.67,66.81,srScore=0.00|maScore=0.00|rsiScore=20.73|macdScore=0.00|stochScore=0.00|bbScore=0.00|atrScore=0.00|sarScore=0.00|ichimokuScore=0.00|adxScore=0.00|volumeScore=0.00|mfiScore=0.00|priceMAScore=0.00|emaScore=0.00|emaCrossScore=26.36|cciScore=0.00|breakoutScore=0.00|phaseScore=0.00|institutionalPhaseScore=0.00|orderBlockScore=0.00|sweepScore=0.00|htfScore=0.00|uhtfScore=0.00|fvgScore=0.00|pullbackScore=0.00|supportStrength=0.00|resistanceStrength=0.00|candleScore=0.00|candlePattern=|candleContext=|majorFactors=|nearestLevels=|confidence=0.00|fvgContext=,44.82,0.0,0.0,0.0,0.0,0.0,0.0,0.0,0.0,0.0,0.0,0.0,0.0,0.0,0.0,0.0,0.0,0.0,0.0,0.0,66.81,7.56,BALANCED_EXIT_STRATEGY,4.0,,0.0,0.0,17.03,0.0,0.0,0.0,0.0,0.0,0.0,0.0,0.0,0.0,0.0,0.0,0.0,0.0,18.38,50.0,0.0,-44.19,17.67,18.0,BALANCED_STRATEGY,3.0,,0.0,0.0,0.0,0.0,0.0,0.0,0.0,0.0,0.0,0.0,0.0,0.0,0.0,0.0,0.0,0.0,0.0,0.0,0.0,0.0,0.0,0.0,0.0,0.0,0.0,0.0,0.0,0.0,,,,,0.0,BULL_FVG:93.3,true,16.45,15.75,false,50.0
08/11/2022,18:17:30,SYM,16.32,1000.0,1000.0,0.0,0,17.68,66.81,srScore=0.00|maScore=0.00|rsiScore=46.31|macdScore=0.00|stochScore=0.00|bbScore=0.00|atrScore=0.00|sarScore=0.00|ichimokuScore=0.00|adxScore=0.00|volumeScore=0.00|mfiScore=0.00|priceMAScore=0.00|emaScore=0.00|emaCrossScore=26.84|cciScore=0.00|breakoutScore=0.00|phaseScore=0.00|institutionalPhaseScore=0.00|orderBlockScore=0.00|sweepScore=0.00|htfScore=0.00|uhtfScore=0.00|fvgScore=0.00|pullbackScore=0.00|supportStrength=0.00|resistanceStrength=0.00|candleScore=0.00|candlePattern=|candleContext=|majorFactors=|nearestLevels=|confidence=0.00|fvgContext=,57.39,0.0,0.0,0.0,0.0,0.0,0.0,0.0,0.0,0.0,0.0,0.0,0.0,0.0,0.0,0.0,0.0,0.0,0.0,0.0,66.81,7.56,BALANCED_EXIT_STRATEGY,4.0,,0.0,0.0,0.0,0.0,0.0,0.0,0.0,0.0,0.0,0.0,0.0,0.0,0.0,0.0,0.0,0.0,8.04,50.0,0.0,37.99,17.68,18.0,BALANCED_STRATEGY,3.0,,0.0,0.0,0.0,0.0,0.0,0.0,0.0,0.0,0.0,0.0,0.0,0.0,0.0,0.0,0.0,0.0,0.0,0.0,0.0,0.0,0.0,0.0,0.0,0.0,0.0,0.0,0.0,0.0,,,,,0.0,BULL_FVG:93.3,true,16.45,15.75,false,50.0
08/11/2022,18:18:30,SYM,16.3,1000.0,1000.0,0.0,0,11.98,66.81,srScore=0.00|maScore=0.00|rsiScore=35.26|macdScore=0.00|stochScore=0.00|bbScore=0.00|atrScore=0.00|sarScore=0.00|ichimokuScore=0.00|adxScore=0.00|volumeScore=0.00|mfiScore=0.00|priceMAScore=0.00|emaScore=0.00|emaCrossScore=26.64|cciScore=0.00|breakoutScore=0.00|phaseScore=0.00|institutionalPhaseScore=0.00|orderBlockScore=0.00|sweepScore=0.00|htfScore=0.00|uhtfScore=0.00|fvgScore=0.00|pullbackScore=0.00|supportStrength=0.00|resistanceStrength=0.00|candleScore=0.00|candlePattern=|candleContext=|majorFactors=|nearestLevels=|confidence=0.00|fvgContext=,51.98,0.0,0.0,0.0,0.0,0.0,0.0,0.0,0.0,0.0,0.0,0.0,0.0,0.0,0.0,0.0,0.0,0.0,0.0,0.0,66.81,7.56,BALANCED_EXIT_STRATEGY,4.0,,0.0,0.0,0.0,0.0,0.0,0.0,0.0,0.0,0.0,0.0,0.0,0.0,0.0,0.0,0.0,0.0,14.75,50.0,0.0,-50.47,11.98,18.0,BALANCED_STRATEGY,3.0,,0.0,0.0,0.0,0.0,0.0,0.0,0.0,0.0,0.0,0.0,0.0,0.0,0.0,0.0,0.0,0.0,0.0,0.0,0.0,0.0,0.0,0.0,0.0,0.0,0.0,0.0,0.0,0.0,,,,,0.0,BULL_FVG:93.3,true,16.45,15.75,false,50.0
08/11/2022,18:22:00,SYM,16.32,1000.0,1000.0,0.0,0,18.77,66.81,srScore=0.00|maScore=0.00|rsiScore=41.21|macdScore=0.00|stochScore=0.00|bbScore=0.00|atrScore=0.00|sarScore=0.00|ichimokuScore=0.00|adxScore=0.00|volumeScore=0.00|mfiScore=0.00|priceMAScore=0.00|emaScore=0.00|emaCrossScore=26.71|cciScore=0.00|breakoutScore=0.00|phaseScore=0.00|institutionalPhaseScore=0.00|orderBlockScore=0.00|sweepScore=0.00|htfScore=0.00|uhtfScore=0.00|fvgScore=0.00|pullbackScore=0.00|supportStrength=0.00|resistanceStrength=0.00|candleScore=0.00|candlePattern=|candleContext=|majorFactors=|nearestLevels=|confidence=0.00|fvgContext=,54.85,0.0,0.0,0.0,0.0,0.0,0.0,0.0,0.0,0.0,0.0,0.0,0.0,0.0,0.0,0.0,0.0,0.0,0.0,0.0,66.81,7.56,BALANCED_EXIT_STRATEGY,4.0,,0.0,0.0,0.0,0.0,0.0,0.0,0.0,0.0,0.0,0.0,0.0,0.0,0.0,0.0,0.0,0.0,8.79,50.0,0.0,48.83,18.77,18.0,BALANCED_STRATEGY,3.0,,0.0,0.0,0.0,0.0,0.0,0.0,0.0,0.0,0.0,0.0,0.0,0.0,0.0,0.0,0.0,0.0,0.0,0.0,0.0,0.0,0.0,0.0,0.0,0.0,0.0,0.0,0.0,0.0,,,,,0.0,BULL_FVG:93.3,true,16.45,15.75,false,50.0
08/11/2022,18:24:01,SYM,16.3,1000.0,1000.0,0.0,0,11.51,66.81,srScore=0.00|maScore=0.00|rsiScore=35.26|macdScore=0.00|stochScore=0.00|bbScore=0.00|atrScore=0.00|sarScore=0.00|ichimokuScore=0.00|adxScore=0.00|volumeScore=0.00|mfiScore=0.00|priceMAScore=0.00|emaScore=0.00|emaCrossScore=26.52|cciScore=0.00|breakoutScore=0.00|phaseScore=0.00|institutionalPhaseScore=0.00|orderBlockScore=0.00|sweepScore=0.00|htfScore=0.00|uhtfScore=0.00|fvgScore=0.00|pullbackScore=0.00|supportStrength=0.00|resistanceStrength=0.00|candleScore=0.00|candlePattern=|candleContext=|majorFactors=|nearestLevels=|confidence=0.00|fvgContext=,51.81,0.0,0.0,0.0,0.0,0.0,0.0,0.0,0.0,0.0,0.0,0.0,0.0,0.0,0.0,0.0,0.0,0.0,0.0,0.0,66.81,7.56,BALANCED_EXIT_STRATEGY,4.0,,0.0,0.0,0.0,0.0,0.0,0.0,0.0,0.0,0.0,0.0,0.0,0.0,0.0,0.0,0.0,0.0,12.85,50.0,0.0,-50.48,11.51,18.0,BALANCED_STRATEGY,3.0,,0.0,0.0,0.0,0.0,0.0,0.0,0.0,0.0,0.0,0.0,0.0,0.0,0.0,0.0,0.0,0.0,0.0,0.0,0.0,0.0,0.0,0.0,0.0,0.0,0.0,0.0,0.0,0.0,,,,,0.0,BULL_FVG:93.3,true,16.45,15.75,false,50.0
08/11/2022,18:26:30,SYM,16.3,1000.0,1000.0,0.0,0,12.17,56.81,srScore=0.00|maScore=0.00|rsiScore=35.26|macdScore=0.00|stochScore=0.00|bbScore=0.00|atrScore=0.00|sarScore=0.00|ichimokuScore=0.00|adxScore=0.00|volumeScore=0.00|mfiScore=0.00|priceMAScore=0.00|emaScore=0.00|emaCrossScore=26.52|cciScore=0.00|breakoutScore=0.00|phaseScore=0.00|institutionalPhaseScore=0.00|orderBlockScore=0.00|sweepScore=0.00|htfScore=0.00|uhtfScore=0.00|fvgScore=0.00|pullbackScore=0.00|supportStrength=0.00|resistanceStrength=0.00|candleScore=0.00|candlePattern=|candleContext=|majorFactors=|nearestLevels=|confidence=0.00|fvgContext=,51.81,0.0,0.0,0.0,0.0,0.0,0.0,0.0,0.0,0.0,0.0,0.0,0.0,0.0,0.0,0.0,0.0,0.0,0.0,0.0,56.81,7.56,BALANCED_EXIT_STRATEGY,4.0,,0.0,0.0,0.0,0.0,0.0,0.0,0.0,0.0,0.0,0.0,0.0,0.0,0.0,0.0,0.0,0.0,15.5,50.0,0.0,-50.48,12.17,18.0,BALANCED_STRATEGY,3.0,,0.0,0.0,0.0,0.0,0.0,0.0,0.0,0.0,0.0,0.0,0.0,0.0,0.0,0.0,0.0,0.0,0.0,0.0,0.0,0.0,0.0,0.0,0.0,0.0,0.0,0.0,0.0,0.0,,,,,0.0,BULL_FVG:93.3,true,16.45,15.75,false,50.0
08/11/2022,18:28:00,SYM,16.26,1000.0,1000.0,0.0,0,21.79,56.81,srScore=0.00|maScore=0.00|rsiScore=0.00|macdScore=0.00|stochScore=0.00|bbScore=0.00|atrScore=0.00|sarScore=0.00|ichimokuScore=0.00|adxScore=0.00|volumeScore=0.00|mfiScore=0.00|priceMAScore=0.00|emaScore=0.00|emaCrossScore=26.13|cciScore=0.00|breakoutScore=0.00|phaseScore=0.00|institutionalPhaseScore=0.00|orderBlockScore=0.00|sweepScore=0.00|htfScore=0.00|uhtfScore=0.00|fvgScore=0.00|pullbackScore=0.00|supportStrength=0.00|resistanceStrength=0.00|candleScore=0.00|candlePattern=|candleContext=|majorFactors=|nearestLevels=|confidence=0.00|fvgContext=,34.84,0.0,0.0,0.0,0.0,0.0,0.0,0.0,0.0,0.0,0.0,0.0,0.0,0.0,0.0,0.0,0.0,0.0,0.0,0.0,56.81,7.56,BALANCED_EXIT_STRATEGY,4.0,,0.0,0.0,24.23,0.0,0.0,0.0,0.0,0.0,0.0,0.0,0.0,0.0,0.0,0.0,0.0,0.0,26.31,50.0,0.0,-40.11,21.79,18.0,BALANCED_STRATEGY,3.0,,0.0,0.0,0.0,0.0,0.0,0.0,0.0,0.0,0.0,0.0,0.0,0.0,0.0,0.0,0.0,0.0,0.0,0.0,0.0,0.0,0.0,0.0,0.0,0.0,0.0,0.0,0.0,0.0,,,,,0.0,BULL_FVG:93.3,true,16.45,15.75,false,50.0
08/11/2022,18:30:00,SYM,16.32,1000.0,1000.0,0.0,0,21.96,47.64,srScore=0.00|maScore=0.00|rsiScore=35.17|macdScore=0.00|stochScore=0.00|bbScore=0.00|atrScore=0.00|sarScore=0.00|ichimokuScore=0.00|adxScore=0.00|volumeScore=0.00|mfiScore=0.00|priceMAScore=0.00|emaScore=0.00|emaCrossScore=26.15|cciScore=0.00|breakoutScore=0.00|phaseScore=0.00|institutionalPhaseScore=0.00|orderBlockScore=0.00|sweepScore=0.00|htfScore=0.00|uhtfScore=0.00|fvgScore=0.00|pullbackScore=0.00|supportStrength=0.00|resistanceStrength=0.00|candleScore=0.00|candlePattern=|candleContext=|majorFactors=|nearestLevels=|confidence=0.00|fvgContext=,51.28,0.0,0.0,0.0,0.0,0.0,0.0,0.0,0.0,0.0,0.0,0.0,0.0,0.0,0.0,0.0,0.0,0.0,0.0,0.0,47.64,7.56,BALANCED_EXIT_STRATEGY,4.0,,0.0,0.0,0.0,0.0,0.0,0.0,0.0,0.0,0.0,0.0,0.0,0.0,0.0,0.0,0.0,0.0,21.61,50.0,0.0,48.71,21.96,18.0,BALANCED_STRATEGY,3.0,,0.0,0.0,0.0,0.0,0.0,0.0,0.0,0.0,0.0,0.0,0.0,0.0,0.0,0.0,0.0,0.0,0.0,0.0,0.0,0.0,0.0,0.0,0.0,0.0,0.0,0.0,0.0,0.0,,,,,0.0,BULL_FVG:93.3,true,16.45,15.75,false,50.0
08/11/2022,18:31:00,SYM,16.3,1000.0,1000.0,0.0,0,12.22,47.64,srScore=0.00|maScore=0.00|rsiScore=29.06|macdScore=0.00|stochScore=0.00|bbScore=0.00|atrScore=0.00|sarScore=0.00|ichimokuScore=0.00|adxScore=0.00|volumeScore=0.00|mfiScore=0.00|priceMAScore=0.00|emaScore=0.00|emaCrossScore=25.96|cciScore=0.00|breakoutScore=0.00|phaseScore=0.00|institutionalPhaseScore=0.00|orderBlockScore=0.00|sweepScore=0.00|htfScore=0.00|uhtfScore=0.00|fvgScore=0.00|pullbackScore=0.00|supportStrength=0.00|resistanceStrength=0.00|candleScore=0.00|candlePattern=|candleContext=|majorFactors=|nearestLevels=|confidence=0.00|fvgContext=,48.17,0.0,0.0,0.0,0.0,0.0,0.0,0.0,0.0,0.0,0.0,0.0,0.0,0.0,0.0,0.0,0.0,0.0,0.0,0.0,47.64,7.56,BALANCED_EXIT_STRATEGY,4.0,,0.0,0.0,0.0,0.0,0.0,0.0,0.0,0.0,0.0,0.0,0.0,0.0,0.0,0.0,0.0,0.0,15.76,50.0,0.0,-50.6,12.22,18.0,BALANCED_STRATEGY,3.0,,0.0,0.0,0.0,0.0,0.0,0.0,0.0,0.0,0.0,0.0,0.0,0.0,0.0,0.0,0.0,0.0,0.0,0.0,0.0,0.0,0.0,0.0,0.0,0.0,0.0,0.0,0.0,0.0,,,,,0.0,BULL_FVG:93.3,true,16.45,15.75,false,50.0
08/11/2022,18:32:30,SYM,16.3,1000.0,1000.0,0.0,0,12.23,47.64,srScore=0.00|maScore=0.00|rsiScore=29.06|macdScore=0.00|stochScore=0.00|bbScore=0.00|atrScore=0.00|sarScore=0.00|ichimokuScore=0.00|adxScore=0.00|volumeScore=0.00|mfiScore=0.00|priceMAScore=0.00|emaScore=0.00|emaCrossScore=25.96|cciScore=0.00|breakoutScore=0.00|phaseScore=0.00|institutionalPhaseScore=0.00|orderBlockScore=0.00|sweepScore=0.00|htfScore=0.00|uhtfScore=0.00|fvgScore=0.00|pullbackScore=0.00|supportStrength=0.00|resistanceStrength=0.00|candleScore=0.00|candlePattern=|candleContext=|majorFactors=|nearestLevels=|confidence=0.00|fvgContext=,48.17,0.0,0.0,0.0,0.0,0.0,0.0,0.0,0.0,0.0,0.0,0.0,0.0,0.0,0.0,0.0,0.0,0.0,0.0,0.0,47.64,7.56,BALANCED_EXIT_STRATEGY,4.0,,0.0,0.0,0.0,0.0,0.0,0.0,0.0,0.0,0.0,0.0,0.0,0.0,0.0,0.0,0.0,0.0,15.78,50.0,0.0,-50.6,12.23,18.0,BALANCED_STRATEGY,3.0,,0.0,0.0,0.0,0.0,0.0,0.0,0.0,0.0,0.0,0.0,0.0,0.0,0.0,0.0,0.0,0.0,0.0,0.0,0.0,0.0,0.0,0.0,0.0,0.0,0.0,0.0,0.0,0.0,,,,,0.0,BULL_FVG:93.3,true,16.45,15.75,false,50.0
08/11/2022,18:35:30,SYM,16.3,1000.0,1000.0,0.0,0,12.59,47.64,srScore=0.00|maScore=0.00|rsiScore=29.06|macdScore=0.00|stochScore=0.00|bbScore=0.00|atrScore=0.00|sarScore=0.00|ichimokuScore=0.00|adxScore=0.00|volumeScore=0.00|mfiScore=0.00|priceMAScore=0.00|emaScore=0.00|emaCrossScore=25.96|cciScore=0.00|breakoutScore=0.00|phaseScore=0.00|institutionalPhaseScore=0.00|orderBlockScore=0.00|sweepScore=0.00|htfScore=0.00|uhtfScore=0.00|fvgScore=0.00|pullbackScore=0.00|supportStrength=0.00|resistanceStrength=0.00|candleScore=0.00|candlePattern=|candleContext=|majorFactors=|nearestLevels=|confidence=0.00|fvgContext=,48.17,0.0,0.0,0.0,0.0,0.0,0.0,0.0,0.0,0.0,0.0,0.0,0.0,0.0,0.0,0.0,0.0,0.0,0.0,0.0,47.64,7.56,BALANCED_EXIT_STRATEGY,4.0,,0.0,0.0,0.0,0.0,0.0,0.0,0.0,0.0,0.0,0.0,0.0,0.0,0.0,0.0,0.0,0.0,17.24,50.0,0.0,-50.6,12.59,18.0,BALANCED_STRATEGY,3.0,,0.0,0.0,0.0,0.0,0.0,0.0,0.0,0.0,0.0,0.0,0.0,0.0,0.0,0.0,0.0,0.0,0.0,0.0,0.0,0.0,0.0,0.0,0.0,0.0,0.0,0.0,0.0,0.0,,,,,0.0,BULL_FVG:93.3,true,16.45,15.75,false,50.0
08/11/2022,18:39:30,SYM,16.35,1000.0,1000.0,0.0,0,42.65,47.64,srScore=0.00|maScore=0.00|rsiScore=43.28|macdScore=0.00|stochScore=0.00|bbScore=0.00|atrScore=0.00|sarScore=0.00|ichimokuScore=0.00|adxScore=0.00|volumeScore=0.00|mfiScore=0.00|priceMAScore=0.00|emaScore=0.00|emaCrossScore=26.44|cciScore=0.00|breakoutScore=0.00|phaseScore=0.00|institutionalPhaseScore=0.00|orderBlockScore=0.00|sweepScore=0.00|htfScore=0.00|uhtfScore=0.00|fvgScore=0.00|pullbackScore=0.00|supportStrength=0.00|resistanceStrength=0.00|candleScore=0.00|candlePattern=|candleContext=|majorFactors=|nearestLevels=|confidence=0.00|fvgContext=,55.45,0.0,0.0,0.0,0.0,0.0,0.0,0.0,0.0,0.0,0.0,0.0,0.0,0.0,0.0,0.0,0.0,0.0,0.0,0.0,47.64,7.56,BALANCED_EXIT_STRATEGY,4.0,,0.0,0.0,100.0,0.0,0.0,0.0,0.0,0.0,0.0,0.0,0.0,0.0,0.0,0.0,0.0,0.0,6.44,50.0,0.0,42.43,42.65,18.0,BALANCED_STRATEGY,3.0,,0.0,0.0,0.0,0.0,0.0,0.0,0.0,0.0,0.0,0.0,0.0,0.0,0.0,0.0,0.0,0.0,0.0,0.0,0.0,0.0,0.0,0.0,0.0,0.0,0.0,0.0,0.0,0.0,,,,,0.0,BULL_FVG:93.3,true,16.45,15.75,false,50.0
08/11/2022,18:40:30,SYM,16.3,1000.0,1000.0,0.0,0,12.6,47.64,srScore=0.00|maScore=0.00|rsiScore=0.00|macdScore=0.00|stochScore=0.00|bbScore=0.00|atrScore=0.00|sarScore=0.00|ichimokuScore=0.00|adxScore=0.00|volumeScore=0.00|mfiScore=0.00|priceMAScore=0.00|emaScore=0.00|emaCrossScore=26.16|cciScore=0.00|breakoutScore=0.00|phaseScore=0.00|institutionalPhaseScore=0.00|orderBlockScore=0.00|sweepScore=0.00|htfScore=0.00|uhtfScore=0.00|fvgScore=0.00|pullbackScore=0.00|supportStrength=0.00|resistanceStrength=0.00|candleScore=0.00|candlePattern=|candleContext=|majorFactors=|nearestLevels=|confidence=0.00|fvgContext=,34.88,0.0,0.0,0.0,0.0,0.0,0.0,0.0,0.0,0.0,0.0,0.0,0.0,0.0,0.0,0.0,0.0,0.0,0.0,0.0,47.64,7.56,BALANCED_EXIT_STRATEGY,4.0,,0.0,0.0,0.0,0.0,0.0,0.0,0.0,0.0,0.0,0.0,0.0,0.0,0.0,0.0,0.0,0.0,17.24,50.0,0.0,-50.51,12.6,18.0,BALANCED_STRATEGY,3.0,,0.0,0.0,0.0,0.0,0.0,0.0,0.0,0.0,0.0,0.0,0.0,0.0,0.0,0.0,0.0,0.0,0.0,0.0,0.0,0.0,0.0,0.0,0.0,0.0,0.0,0.0,0.0,0.0,,,,,0.0,BULL_FVG:93.3,true,16.45,15.75,false,50.0
08/11/2022,18:43:30,SYM,16.27,1000.0,1000.0,0.0,0,15.95,47.64,srScore=0.00|maScore=0.00|rsiScore=0.00|macdScore=0.00|stochScore=0.00|bbScore=0.00|atrScore=0.00|sarScore=0.00|ichimokuScore=0.00|adxScore=0.00|volumeScore=0.00|mfiScore=0.00|priceMAScore=0.00|emaScore=0.00|emaCrossScore=25.87|cciScore=0.00|breakoutScore=0.00|phaseScore=0.00|institutionalPhaseScore=0.00|orderBlockScore=0.00|sweepScore=0.00|htfScore=0.00|uhtfScore=0.00|fvgScore=0.00|pullbackScore=0.00|supportStrength=0.00|resistanceStrength=0.00|candleScore=0.00|candlePattern=|candleContext=|majorFactors=|nearestLevels=|confidence=0.00|fvgContext=,34.49,0.0,0.0,0.0,0.0,0.0,0.0,0.0,0.0,0.0,0.0,0.0,0.0,0.0,0.0,0.0,0.0,0.0,0.0,0.0,47.64,7.56,BALANCED_EXIT_STRATEGY,4.0,,0.0,0.0,0.0,0.0,0.0,0.0,0.0,0.0,0.0,0.0,0.0,0.0,0.0,0.0,0.0,0.0,27.59,50.0,0.0,-41.32,15.95,18.0,BALANCED_STRATEGY,3.0,,0.0,0.0,0.0,0.0,0.0,0.0,0.0,0.0,0.0,0.0,0.0,0.0,0.0,0.0,0.0,0.0,0.0,0.0,0.0,0.0,0.0,0.0,0.0,0.0,0.0,0.0,0.0,0.0,,,,,0.0,BULL_FVG:93.3,true,16.45,15.75,false,50.0
08/11/2022,18:44:30,SYM,16.35,1000.0,1000.0,0.0,0,41.95,47.64,srScore=0.00|maScore=0.00|rsiScore=39.35|macdScore=0.00|stochScore=0.00|bbScore=0.00|atrScore=0.00|sarScore=0.00|ichimokuScore=0.00|adxScore=0.00|volumeScore=0.00|mfiScore=0.00|priceMAScore=0.00|emaScore=0.00|emaCrossScore=26.64|cciScore=0.00|breakoutScore=0.00|phaseScore=0.00|institutionalPhaseScore=0.00|orderBlockScore=0.00|sweepScore=0.00|htfScore=0.00|uhtfScore=0.00|fvgScore=0.00|pullbackScore=0.00|supportStrength=0.00|resistanceStrength=0.00|candleScore=0.00|candlePattern=|candleContext=|majorFactors=|nearestLevels=|confidence=0.00|fvgContext=,53.88,0.0,0.0,0.0,0.0,0.0,0.0,0.0,0.0,0.0,0.0,0.0,0.0,0.0,0.0,0.0,0.0,0.0,0.0,0.0,47.64,7.56,BALANCED_EXIT_STRATEGY,4.0,,0.0,0.0,100.0,0.0,0.0,0.0,0.0,0.0,0.0,0.0,0.0,0.0,0.0,0.0,0.0,0.0,6.79,50.0,0.0,33.07,41.95,18.0,BALANCED_STRATEGY,3.0,,0.0,0.0,0.0,0.0,0.0,0.0,0.0,0.0,0.0,0.0,0.0,0.0,0.0,0.0,0.0,0.0,0.0,0.0,0.0,0.0,0.0,0.0,0.0,0.0,0.0,0.0,0.0,0.0,,,,,0.0,BULL_FVG:93.3,true,16.45,15.75,false,50.0
08/11/2022,18:48:00,SYM,16.35,1000.0,1000.0,0.0,0,40.48,47.64,srScore=0.00|maScore=0.00|rsiScore=39.35|macdScore=0.00|stochScore=0.00|bbScore=0.00|atrScore=0.00|sarScore=0.00|ichimokuScore=0.00|adxScore=0.00|volumeScore=0.00|mfiScore=0.00|priceMAScore=0.00|emaScore=0.00|emaCrossScore=26.64|cciScore=0.00|breakoutScore=0.00|phaseScore=0.00|institutionalPhaseScore=0.00|orderBlockScore=0.00|sweepScore=0.00|htfScore=0.00|uhtfScore=0.00|fvgScore=0.00|pullbackScore=0.00|supportStrength=0.00|resistanceStrength=0.00|candleScore=0.00|candlePattern=|candleContext=|majorFactors=|nearestLevels=|confidence=0.00|fvgContext=,53.88,0.0,0.0,0.0,0.0,0.0,0.0,0.0,0.0,0.0,0.0,0.0,0.0,0.0,0.0,0.0,0.0,0.0,0.0,0.0,47.64,7.56,BALANCED_EXIT_STRATEGY,4.0,,0.0,0.0,100.0,0.0,0.0,0.0,0.0,0.0,0.0,0.0,0.0,0.0,0.0,0.0,0.0,0.0,0.88,50.0,0.0,33.07,40.48,18.0,BALANCED_STRATEGY,3.0,,0.0,0.0,0.0,0.0,0.0,0.0,0.0,0.0,0.0,0.0,0.0,0.0,0.0,0.0,0.0,0.0,0.0,0.0,0.0,0.0,0.0,0.0,0.0,0.0,0.0,0.0,0.0,0.0,,,,,0.0,BULL_FVG:93.3,true,16.45,15.75,false,50.0
08/11/2022,18:49:30,SYM,16.3,1000.0,1000.0,0.0,0,12.05,47.64,srScore=0.00|maScore=0.00|rsiScore=0.00|macdScore=0.00|stochScore=0.00|bbScore=0.00|atrScore=0.00|sarScore=0.00|ichimokuScore=0.00|adxScore=0.00|volumeScore=0.00|mfiScore=0.00|priceMAScore=0.00|emaScore=0.00|emaCrossScore=26.16|cciScore=0.00|breakoutScore=0.00|phaseScore=0.00|institutionalPhaseScore=0.00|orderBlockScore=0.00|sweepScore=0.00|htfScore=0.00|uhtfScore=0.00|fvgScore=0.00|pullbackScore=0.00|supportStrength=0.00|resistanceStrength=0.00|candleScore=0.00|candlePattern=|candleContext=|majorFactors=|nearestLevels=|confidence=0.00|fvgContext=,34.88,0.0,0.0,0.0,0.0,0.0,0.0,0.0,0.0,0.0,0.0,0.0,0.0,0.0,0.0,0.0,0.0,0.0,0.0,0.0,47.64,7.56,BALANCED_EXIT_STRATEGY,4.0,,0.0,0.0,0.0,0.0,0.0,0.0,0.0,0.0,0.0,0.0,0.0,0.0,0.0,0.0,0.0,0.0,15.05,50.0,0.0,-50.51,12.05,18.0,BALANCED_STRATEGY,3.0,,0.0,0.0,0.0,0.0,0.0,0.0,0.0,0.0,0.0,0.0,0.0,0.0,0.0,0.0,0.0,0.0,0.0,0.0,0.0,0.0,0.0,0.0,0.0,0.0,0.0,0.0,0.0,0.0,,,,,0.0,BULL_FVG:93.3,true,16.45,15.75,false,50.0
08/11/2022,18:50:30,SYM,16.28,1000.0,1000.0,0.0,0,14.9,47.64,srScore=0.00|maScore=0.00|rsiScore=0.00|macdScore=0.00|stochScore=0.00|bbScore=0.00|atrScore=0.00|sarScore=0.00|ichimokuScore=0.00|adxScore=0.00|volumeScore=0.00|mfiScore=0.00|priceMAScore=0.00|emaScore=0.00|emaCrossScore=25.63|cciScore=0.00|breakoutScore=0.00|phaseScore=0.00|institutionalPhaseScore=0.00|orderBlockScore=0.00|sweepScore=0.00|htfScore=0.00|uhtfScore=0.00|fvgScore=0.00|pullbackScore=0.00|supportStrength=0.00|resistanceStrength=0.00|candleScore=0.00|candlePattern=|candleContext=|majorFactors=|nearestLevels=|confidence=0.00|fvgContext=,34.18,0.0,0.0,0.0,0.0,0.0,0.0,0.0,0.0,0.0,0.0,0.0,0.0,0.0,0.0,0.0,0.0,0.0,0.0,0.0,47.64,7.56,BALANCED_EXIT_STRATEGY,4.0,,0.0,0.0,0.0,0.0,0.0,0.0,0.0,0.0,0.0,0.0,0.0,0.0,0.0,0.0,0.0,0.0,24.26,50.0,0.0,-43.92,14.9,18.0,BALANCED_STRATEGY,3.0,,0.0,0.0,0.0,0.0,0.0,0.0,0.0,0.0,0.0,0.0,0.0,0.0,0.0,0.0,0.0,0.0,0.0,0.0,0.0,0.0,0.0,0.0,0.0,0.0,0.0,0.0,0.0,0.0,,,,,0.0,BULL_FVG:93.3,true,16.45,15.75,false,50.0
08/11/2022,18:56:30,SYM,16.3,1000.0,1000.0,0.0,0,12.99,47.64,srScore=0.00|maScore=0.00|rsiScore=0.00|macdScore=0.00|stochScore=0.00|bbScore=0.00|atrScore=0.00|sarScore=0.00|ichimokuScore=0.00|adxScore=0.00|volumeScore=0.00|mfiScore=0.00|priceMAScore=0.00|emaScore=0.00|emaCrossScore=25.83|cciScore=0.00|breakoutScore=0.00|phaseScore=0.00|institutionalPhaseScore=0.00|orderBlockScore=0.00|sweepScore=0.00|htfScore=0.00|uhtfScore=0.00|fvgScore=0.00|pullbackScore=0.00|supportStrength=0.00|resistanceStrength=0.00|candleScore=0.00|candlePattern=|candleContext=|majorFactors=|nearestLevels=|confidence=0.00|fvgContext=,34.44,0.0,0.0,0.0,0.0,0.0,0.0,0.0,0.0,0.0,0.0,0.0,0.0,0.0,0.0,0.0,0.0,0.0,0.0,0.0,47.64,7.56,BALANCED_EXIT_STRATEGY,4.0,,0.0,0.0,0.0,0.0,0.0,0.0,0.0,0.0,0.0,0.0,0.0,0.0,0.0,0.0,0.0,0.0,18.79,50.0,0.0,-50.52,12.99,18.0,BALANCED_STRATEGY,3.0,,0.0,0.0,0.0,0.0,0.0,0.0,0.0,0.0,0.0,0.0,0.0,0.0,0.0,0.0,0.0,0.0,0.0,0.0,0.0,0.0,0.0,0.0,0.0,0.0,0.0,0.0,0.0,0.0,,,,,0.0,BULL_FVG:93.3,true,16.45,15.75,false,50.0
08/11/2022,18:58:01,SYM,16.31,1000.0,1000.0,0.0,0,20.6,39.87,srScore=0.00|maScore=0.00|rsiScore=0.00|macdScore=0.00|stochScore=0.00|bbScore=0.00|atrScore=0.00|sarScore=0.00|ichimokuScore=0.00|adxScore=0.00|volumeScore=0.00|mfiScore=0.00|priceMAScore=0.00|emaScore=0.00|emaCrossScore=25.92|cciScore=0.00|breakoutScore=0.00|phaseScore=0.00|institutionalPhaseScore=0.00|orderBlockScore=0.00|sweepScore=0.00|htfScore=0.00|uhtfScore=0.00|fvgScore=0.00|pullbackScore=0.00|supportStrength=0.00|resistanceStrength=0.00|candleScore=0.00|candlePattern=|candleContext=|majorFactors=|nearestLevels=|confidence=0.00|fvgContext=,34.56,0.0,0.0,0.0,0.0,0.0,0.0,0.0,0.0,0.0,0.0,0.0,0.0,0.0,0.0,0.0,0.0,0.0,0.0,0.0,39.87,7.56,BALANCED_EXIT_STRATEGY,4.0,,0.0,0.0,0.0,0.0,0.0,0.0,0.0,0.0,0.0,0.0,0.0,0.0,0.0,0.0,0.0,0.0,15.46,50.0,0.0,50.89,20.6,18.0,BALANCED_STRATEGY,3.0,,0.0,0.0,0.0,0.0,0.0,0.0,0.0,0.0,0.0,0.0,0.0,0.0,0.0,0.0,0.0,0.0,0.0,0.0,0.0,0.0,0.0,0.0,0.0,0.0,0.0,0.0,0.0,0.0,,,,,0.0,BULL_FVG:93.3,true,16.45,15.75,false,50.0
08/11/2022,18:59:30,SYM,16.3,1000.0,1000.0,0.0,0,12.99,39.87,srScore=0.00|maScore=0.00|rsiScore=0.00|macdScore=0.00|stochScore=0.00|bbScore=0.00|atrScore=0.00|sarScore=0.00|ichimokuScore=0.00|adxScore=0.00|volumeScore=0.00|mfiScore=0.00|priceMAScore=0.00|emaScore=0.00|emaCrossScore=25.83|cciScore=0.00|breakoutScore=0.00|phaseScore=0.00|institutionalPhaseScore=0.00|orderBlockScore=0.00|sweepScore=0.00|htfScore=0.00|uhtfScore=0.00|fvgScore=0.00|pullbackScore=0.00|supportStrength=0.00|resistanceStrength=0.00|candleScore=0.00|candlePattern=|candleContext=|majorFactors=|nearestLevels=|confidence=0.00|fvgContext=,34.44,0.0,0.0,0.0,0.0,0.0,0.0,0.0,0.0,0.0,0.0,0.0,0.0,0.0,0.0,0.0,0.0,0.0,0.0,0.0,39.87,7.56,BALANCED_EXIT_STRATEGY,4.0,,0.0,0.0,0.0,0.0,0.0,0.0,0.0,0.0,0.0,0.0,0.0,0.0,0.0,0.0,0.0,0.0,18.79,50.0,0.0,-50.52,12.99,18.0,BALANCED_STRATEGY,3.0,,0.0,0.0,0.0,0.0,0.0,0.0,0.0,0.0,0.0,0.0,0.0,0.0,0.0,0.0,0.0,0.0,0.0,0.0,0.0,0.0,0.0,0.0,0.0,0.0,0.0,0.0,0.0,0.0,,,,,0.0,BULL_FVG:93.3,true,16.45,15.75,false,50.0
08/11/2022,19:04:30,SYM,16.31,1000.0,1000.0,0.0,0,20.06,39.87,srScore=0.00|maScore=0.00|rsiScore=20.16|macdScore=0.00|stochScore=0.00|bbScore=0.00|atrScore=0.00|sarScore=0.00|ichimokuScore=0.00|adxScore=0.00|volumeScore=0.00|mfiScore=0.00|priceMAScore=0.00|emaScore=0.00|emaCrossScore=25.58|cciScore=0.00|breakoutScore=0.00|phaseScore=0.00|institutionalPhaseScore=0.00|orderBlockScore=0.00|sweepScore=0.00|htfScore=0.00|uhtfScore=0.00|fvgScore=0.00|pullbackScore=0.00|supportStrength=0.00|resistanceStrength=0.00|candleScore=0.00|candlePattern=|candleContext=|majorFactors=|nearestLevels=|confidence=0.00|fvgContext=,43.51,0.0,0.0,0.0,0.0,0.0,0.0,0.0,0.0,0.0,0.0,0.0,0.0,0.0,0.0,0.0,0.0,0.0,0.0,0.0,39.87,7.56,BALANCED_EXIT_STRATEGY,4.0,,0.0,0.0,0.0,0.0,0.0,0.0,0.0,0.0,0.0,0.0,0.0,0.0,0.0,0.0,0.0,0.0,13.27,50.0,0.0,50.87,20.06,18.0,BALANCED_STRATEGY,3.0,,0.0,0.0,0.0,0.0,0.0,0.0,0.0,0.0,0.0,0.0,0.0,0.0,0.0,0.0,0.0,0.0,0.0,0.0,0.0,0.0,0.0,0.0,0.0,0.0,0.0,0.0,0.0,0.0,,,,,0.0,BULL_FVG:93.3,true,16.45,15.75,false,50.0
08/11/2022,19:07:00,SYM,16.31,1000.0,1000.0,0.0,0,20.16,39.87,srScore=0.00|maScore=0.00|rsiScore=20.16|macdScore=0.00|stochScore=0.00|bbScore=0.00|atrScore=0.00|sarScore=0.00|ichimokuScore=0.00|adxScore=0.00|volumeScore=0.00|mfiScore=0.00|priceMAScore=0.00|emaScore=0.00|emaCrossScore=25.58|cciScore=0.00|breakoutScore=0.00|phaseScore=0.00|institutionalPhaseScore=0.00|orderBlockScore=0.00|sweepScore=0.00|htfScore=0.00|uhtfScore=0.00|fvgScore=0.00|pullbackScore=0.00|supportStrength=0.00|resistanceStrength=0.00|candleScore=0.00|candlePattern=|candleContext=|majorFactors=|nearestLevels=|confidence=0.00|fvgContext=,43.51,0.0,0.0,0.0,0.0,0.0,0.0,0.0,0.0,0.0,0.0,0.0,0.0,0.0,0.0,0.0,0.0,0.0,0.0,0.0,39.87,7.56,BALANCED_EXIT_STRATEGY,4.0,,0.0,0.0,0.0,0.0,0.0,0.0,0.0,0.0,0.0,0.0,0.0,0.0,0.0,0.0,0.0,0.0,13.68,50.0,0.0,50.87,20.16,18.0,BALANCED_STRATEGY,3.0,,0.0,0.0,0.0,0.0,0.0,0.0,0.0,0.0,0.0,0.0,0.0,0.0,0.0,0.0,0.0,0.0,0.0,0.0,0.0,0.0,0.0,0.0,0.0,0.0,0.0,0.0,0.0,0.0,,,,,0.0,BULL_FVG:93.3,true,16.45,15.75,false,50.0
08/11/2022,19:08:01,SYM,16.31,1000.0,1000.0,0.0,0,19.59,39.87,srScore=0.00|maScore=0.00|rsiScore=20.16|macdScore=0.00|stochScore=0.00|bbScore=0.00|atrScore=0.00|sarScore=0.00|ichimokuScore=0.00|adxScore=0.00|volumeScore=0.00|mfiScore=0.00|priceMAScore=0.00|emaScore=0.00|emaCrossScore=25.58|cciScore=0.00|breakoutScore=0.00|phaseScore=0.00|institutionalPhaseScore=0.00|orderBlockScore=0.00|sweepScore=0.00|htfScore=0.00|uhtfScore=0.00|fvgScore=0.00|pullbackScore=0.00|supportStrength=0.00|resistanceStrength=0.00|candleScore=0.00|candlePattern=|candleContext=|majorFactors=|nearestLevels=|confidence=0.00|fvgContext=,43.51,0.0,0.0,0.0,0.0,0.0,0.0,0.0,0.0,0.0,0.0,0.0,0.0,0.0,0.0,0.0,0.0,0.0,0.0,0.0,39.87,7.56,BALANCED_EXIT_STRATEGY,4.0,,0.0,0.0,0.0,0.0,0.0,0.0,0.0,0.0,0.0,0.0,0.0,0.0,0.0,0.0,0.0,0.0,11.4,50.0,0.0,50.87,19.59,18.0,BALANCED_STRATEGY,3.0,,0.0,0.0,0.0,0.0,0.0,0.0,0.0,0.0,0.0,0.0,0.0,0.0,0.0,0.0,0.0,0.0,0.0,0.0,0.0,0.0,0.0,0.0,0.0,0.0,0.0,0.0,0.0,0.0,,,,,0.0,BULL_FVG:93.3,true,16.45,15.75,false,50.0
08/11/2022,19:11:30,SYM,16.31,1000.0,1000.0,0.0,0,21.98,39.87,srScore=0.00|maScore=0.00|rsiScore=20.16|macdScore=0.00|stochScore=0.00|bbScore=0.00|atrScore=0.00|sarScore=0.00|ichimokuScore=0.00|adxScore=0.00|volumeScore=0.00|mfiScore=0.00|priceMAScore=0.00|emaScore=0.00|emaCrossScore=25.30|cciScore=0.00|breakoutScore=0.00|phaseScore=0.00|institutionalPhaseScore=0.00|orderBlockScore=0.00|sweepScore=0.00|htfScore=0.00|uhtfScore=0.00|fvgScore=0.00|pullbackScore=0.00|supportStrength=0.00|resistanceStrength=0.00|candleScore=0.00|candlePattern=|candleContext=|majorFactors=|nearestLevels=|confidence=0.00|fvgContext=,43.14,0.0,0.0,0.0,0.0,0.0,0.0,0.0,0.0,0.0,0.0,0.0,0.0,0.0,0.0,0.0,0.0,0.0,0.0,0.0,39.87,7.56,BALANCED_EXIT_STRATEGY,4.0,,0.0,0.0,10.48,0.0,0.0,0.0,0.0,0.0,0.0,0.0,0.0,0.0,0.0,0.0,0.0,0.0,14.24,50.0,0.0,39.58,21.98,18.0,BALANCED_STRATEGY,3.0,,0.0,0.0,0.0,0.0,0.0,0.0,0.0,0.0,0.0,0.0,0.0,0.0,0.0,0.0,0.0,0.0,0.0,0.0,0.0,0.0,0.0,0.0,0.0,0.0,0.0,0.0,0.0,0.0,,,,,0.0,BULL_FVG:93.3,true,16.45,15.75,false,50.0
08/11/2022,19:14:30,SYM,16.31,1000.0,1000.0,0.0,0,21.99,39.87,srScore=0.00|maScore=0.00|rsiScore=20.16|macdScore=0.00|stochScore=0.00|bbScore=0.00|atrScore=0.00|sarScore=0.00|ichimokuScore=0.00|adxScore=0.00|volumeScore=0.00|mfiScore=0.00|priceMAScore=0.00|emaScore=0.00|emaCrossScore=25.30|cciScore=0.00|breakoutScore=0.00|phaseScore=0.00|institutionalPhaseScore=0.00|orderBlockScore=0.00|sweepScore=0.00|htfScore=0.00|uhtfScore=0.00|fvgScore=0.00|pullbackScore=0.00|supportStrength=0.00|resistanceStrength=0.00|candleScore=0.00|candlePattern=|candleContext=|majorFactors=|nearestLevels=|confidence=0.00|fvgContext=,43.14,0.0,0.0,0.0,0.0,0.0,0.0,0.0,0.0,0.0,0.0,0.0,0.0,0.0,0.0,0.0,0.0,0.0,0.0,0.0,39.87,7.56,BALANCED_EXIT_STRATEGY,4.0,,0.0,0.0,10.52,0.0,0.0,0.0,0.0,0.0,0.0,0.0,0.0,0.0,0.0,0.0,0.0,0.0,14.24,50.0,0.0,39.58,21.99,18.0,BALANCED_STRATEGY,3.0,,0.0,0.0,0.0,0.0,0.0,0.0,0.0,0.0,0.0,0.0,0.0,0.0,0.0,0.0,0.0,0.0,0.0,0.0,0.0,0.0,0.0,0.0,0.0,0.0,0.0,0.0,0.0,0.0,,,,,0.0,N/A,true,16.45,15.75,false,50.0
08/11/2022,19:16:30,SYM,16.31,1000.0,1000.0,0.0,0,21.99,39.87,srScore=0.00|maScore=0.00|rsiScore=20.16|macdScore=0.00|stochScore=0.00|bbScore=0.00|atrScore=0.00|sarScore=0.00|ichimokuScore=0.00|adxScore=0.00|volumeScore=0.00|mfiScore=0.00|priceMAScore=0.00|emaScore=0.00|emaCrossScore=25.30|cciScore=0.00|breakoutScore=0.00|phaseScore=0.00|institutionalPhaseScore=0.00|orderBlockScore=0.00|sweepScore=0.00|htfScore=0.00|uhtfScore=0.00|fvgScore=0.00|pullbackScore=0.00|supportStrength=0.00|resistanceStrength=0.00|candleScore=0.00|candlePattern=|candleContext=|majorFactors=|nearestLevels=|confidence=0.00|fvgContext=,43.14,0.0,0.0,0.0,0.0,0.0,0.0,0.0,0.0,0.0,0.0,0.0,0.0,0.0,0.0,0.0,0.0,0.0,0.0,0.0,39.87,7.56,BALANCED_EXIT_STRATEGY,4.0,,0.0,0.0,10.52,0.0,0.0,0.0,0.0,0.0,0.0,0.0,0.0,0.0,0.0,0.0,0.0,0.0,14.24,50.0,0.0,39.58,21.99,18.0,BALANCED_STRATEGY,3.0,,0.0,0.0,0.0,0.0,0.0,0.0,0.0,0.0,0.0,0.0,0.0,0.0,0.0,0.0,0.0,0.0,0.0,0.0,0.0,0.0,0.0,0.0,0.0,0.0,0.0,0.0,0.0,0.0,,,,,0.0,N/A,true,16.45,15.75,false,50.0
08/11/2022,19:17:30,SYM,16.35,1000.0,1000.0,0.0,0,41.97,39.87,srScore=0.00|maScore=0.00|rsiScore=42.43|macdScore=0.00|stochScore=0.00|bbScore=0.00|atrScore=0.00|sarScore=0.00|ichimokuScore=0.00|adxScore=0.00|volumeScore=0.00|mfiScore=0.00|priceMAScore=0.00|emaScore=0.00|emaCrossScore=25.68|cciScore=0.00|breakoutScore=0.00|phaseScore=0.00|institutionalPhaseScore=0.00|orderBlockScore=0.00|sweepScore=0.00|htfScore=0.00|uhtfScore=0.00|fvgScore=0.00|pullbackScore=0.00|supportStrength=0.00|resistanceStrength=0.00|candleScore=0.00|candlePattern=|candleContext=|majorFactors=|nearestLevels=|confidence=0.00|fvgContext=,54.05,0.0,0.0,0.0,0.0,0.0,0.0,0.0,0.0,0.0,0.0,0.0,0.0,0.0,0.0,0.0,0.0,0.0,0.0,0.0,39.87,7.56,BALANCED_EXIT_STRATEGY,4.0,,0.0,0.0,100.0,0.0,0.0,0.0,0.0,0.0,0.0,0.0,0.0,0.0,0.0,0.0,0.0,0.0,3.69,50.0,0.0,42.5,41.97,18.0,BALANCED_STRATEGY,3.0,,0.0,0.0,0.0,0.0,0.0,0.0,0.0,0.0,0.0,0.0,0.0,0.0,0.0,0.0,0.0,0.0,0.0,0.0,0.0,0.0,0.0,0.0,0.0,0.0,0.0,0.0,0.0,0.0,,,,,0.0,N/A,true,16.45,15.75,false,50.0
